ST_NM,ST_CEN_CD,anorexia_all_fe,anorexia_ur_fe,anorexia_ru_fe,h_bmi_all_fe,h_bmi_ur_fe,h_bmi_ru_fe,overweight_all_fe,overweight_ur_fe,overweight_ru_fe,obese_all_fe,obese_ur_fe,obese_ru_fe,h_hemoglobin_all_fe,h_hemoglobin_ur_fe,h_hemoglobin_ru_fe,anemia_all_fe,anemia_ur_fe,anemia_ru_fe,high_hemoglobin_all_fe,high_hemoglobin_ur_fe,high_hemoglobin_ru_fe,h_hemoglobin_all_pw,h_hemoglobin_ur_pw,h_hemoglobin_ru_pw,anemia_all_pw,anemia_ur_pw,anemia_ru_pw,high_hemoglobin_all_pw,high_hemoglobin_ur_pw,high_hemoglobin_ru_pw,h_hemoglobin_all_npw,h_hemoglobin_ur_npw,h_hemoglobin_ru_npw,anemia_all_npw,anemia_ur_npw,anemia_ru_npw,high_hemoglobin_all_npw,high_hemoglobin_ur_npw,high_hemoglobin_ru_npw,h_glucose_all_fe,h_glucose_ur_fe,h_glucose_ru_fe,high_glucose_all_fe,high_glucose_ur_fe,high_glucose_ru_fe,low_glucose_all_fe,low_glucose_ur_fe,low_glucose_ru_fe,h_bp_all_fe,h_bp_ur_fe,h_bp_ru_fe,low_bp_all_fe,low_bp_ur_fe,low_bp_ru_fe,elevated_bp_all_fe,elevated_bp_ur_fe,elevated_bp_ru_fe,high_bp_all_fe,high_bp_ur_fe,high_bp_ru_fe,severe_bp_all_fe,severe_bp_ur_fe,severe_bp_ru_fe,high_cuffbp_all_fe,high_cuffbp_ur_fe,high_cuffbp_ru_fe,h_cuffbp_all_fe,h_cuffbp_ur_fe,h_cuffbp_ru_fe,low_cuffbp_all_fe,low_cuffbp_ur_fe,low_cuffbp_ru_fe,sum_bp_all_fe,h_ad_bp_all_fe,low_ad_bp_all_fe,elevated_ad_bp_all_fe,high_ad_bp_all_fe,severe_ad_bp_all_fe,sum_bp_ur_fe,h_ad_bp_ur_fe,low_ad_bp_ur_fe,elevated_ad_bp_ur_fe,high_ad_bp_ur_fe,severe_ad_bp_ur_fe,sum_bp_ru_fe,h_ad_bp_ru_fe,low_ad_bp_ru_fe,elevated_ad_bp_ru_fe,high_ad_bp_ru_fe,severe_ad_bp_ru_fe,h_glucose_all_ma,h_glucose_ur_ma,h_glucose_ru_ma,high_glucose_all_ma,high_glucose_ur_ma,high_glucose_ru_ma,low_glucose_all_ma,low_glucose_ur_ma,low_glucose_ru_ma,h_bp_all_ma,h_bp_ur_ma,h_bp_ru_ma,low_bp_all_ma,low_bp_ur_ma,low_bp_ru_ma,elevated_bp_all_ma,elevated_bp_ur_ma,elevated_bp_ru_ma,high_bp_all_ma,high_bp_ur_ma,high_bp_ru_ma,severe_bp_all_ma,severe_bp_ur_ma,severe_bp_ru_ma,high_cuffbp_all_ma,high_cuffbp_ur_ma,high_cuffbp_ru_ma,h_cuffbp_all_ma,h_cuffbp_ur_ma,h_cuffbp_ru_ma,low_cuffbp_all_ma,low_cuffbp_ur_ma,low_cuffbp_ru_ma,sum_bp_all_ma,h_ad_bp_all_ma,low_ad_bp_all_ma,elevated_ad_bp_all_ma,high_ad_bp_all_ma,severe_ad_bp_all_ma,sum_bp_ur_ma,h_ad_bp_ur_ma,low_ad_bp_ur_ma,elevated_ad_bp_ur_ma,high_ad_bp_ur_ma,severe_ad_bp_ur_ma,sum_bp_ru_ma,h_ad_bp_ru_ma,low_ad_bp_ru_ma,elevated_ad_bp_ru_ma,high_ad_bp_ru_ma,severe_ad_bp_ru_ma
Jammu & Kashmir,1,0.116723254,0.072460771,0.135593355,0.581195056,0.510429978,0.611363828,0.214337826,0.296439558,0.179335982,0.087743893,0.120669723,0.073706858,0.467745781,0.444517106,0.477616638,0.526942372,0.548617542,0.517731607,0.005311876,0.006865387,0.004651721,0.305221438,0.395944327,0.270319402,0.694778562,0.604055703,0.729680598,0,0,0,0.475010037,0.446533531,0.487163693,0.519440651,0.546316087,0.507970333,0.005549298,0.007150393,0.004865956,0.757203102,0.759094477,0.756399035,0.167359442,0.181918085,0.16117017,0.075437456,0.05898742,0.082430817,0.45796895,0.450646907,0.461018711,0.036379218,0.030560469,0.03880284,0.094676703,0.088363931,0.097306103,0.327788144,0.340836525,0.322353214,0.125290483,0.143863887,0.1175543,0.031715732,0.031016294,0.032007065,0.461150557,0.477978289,0.454141468,0.507133722,0.491005421,0.513851464,1.042103529,0.43946588,0.034909409,0.09085153,0.314544708,0.12022844,1.054271698,0.427448541,0.028987281,0.083815143,0.323290974,0.136458069,1.037035227,0.444554538,0.037417088,0.093831047,0.310841143,0.113356128,0.444009066,0.433600068,0.449084878,0.479355395,0.500540853,0.469024628,0.076635525,0.065859087,0.081890509,0.335124463,0.333432198,0.335916758,0.02661984,0.012471857,0.033243611,0.139008656,0.123785719,0.146135688,0.404907852,0.424053699,0.395944208,0.164793581,0.179168805,0.158063427,0.04881572,0.044855785,0.05066967,0.61317277,0.624100983,0.608056366,0.338011533,0.331043214,0.341273963,1.070454359,0.313067496,0.024867795,0.129859492,0.37825793,0.153947324,1.072912335,0.310773015,0.011624303,0.115373567,0.395236105,0.166992962,1.069303751,0.314145297,0.031089025,0.136664331,0.370282263,0.147819012
Himachal Pradesh,2,0.15527311,0.11106091,0.159982786,0.543301761,0.48835668,0.549154758,0.212189227,0.266252846,0.206430137,0.089235894,0.134329543,0.084432326,0.425933033,0.415685713,0.426989943,0.573051572,0.58353287,0.571970522,0.0010154,0.000781428,0.001039532,0.215440869,0.175493822,0.219541937,0.784559131,0.824506164,0.780458093,0,0,0,0.433206499,0.423949331,0.434161425,0.565743029,0.575242341,0.564763129,0.001050486,0.000808312,0.001075468,0.649884582,0.626961112,0.652248442,0.275147676,0.308672726,0.271690547,0.074967742,0.064366139,0.076060981,0.487517565,0.498258114,0.486406803,0.023829576,0.018223055,0.024409389,0.046737012,0.049076125,0.046495106,0.354516,0.34868747,0.355118781,0.12751995,0.118828312,0.128418818,0.019068001,0.017370826,0.01924352,0.292076498,0.247266889,0.29671061,0.688855469,0.735362291,0.684045851,1.040120125,0.468712747,0.022910407,0.044934243,0.340841413,0.122601174,1.033073068,0.482306749,0.017639657,0.047504988,0.337524503,0.115024112,1.040848851,0.467317432,0.023451425,0.044670373,0.341181904,0.123378932,0.428141236,0.430933654,0.427601099,0.483036727,0.508823276,0.478048623,0.088822044,0.060243078,0.094350278,0.257092237,0.248999193,0.258533359,0.005271861,0.011994289,0.004074793,0.098277427,0.075064667,0.102410942,0.49413389,0.533577979,0.487110049,0.25099501,0.225051463,0.255614787,0.039184228,0.037908699,0.039411359,0.55877322,0.49403432,0.570301294,0.402042568,0.468056977,0.39028734,1.105770469,0.232500553,0.004767591,0.088876881,0.44686842,0.226986542,1.094687581,0.227461427,0.010956815,0.068571769,0.48742488,0.205585107,1.107743979,0.233387291,0.003678461,0.092450008,0.439731628,0.230752587
Punjab,3,0.114718094,0.088078402,0.132190064,0.570408523,0.585990489,0.56018889,0.217185184,0.222105533,0.213958129,0.097688191,0.103825577,0.09366291,0.425446957,0.438222468,0.417102247,0.573087811,0.560507417,0.581305027,0.00146523,0.001270094,0.001592689,0.315763235,0.352670044,0.293389469,0.681018651,0.645846844,0.702340543,0.003218145,0.001483104,0.004269965,0.429768711,0.441436857,0.422125071,0.568835139,0.557301044,0.576390922,0.001396162,0.001262091,0.00148399,0.678672314,0.699652255,0.66496557,0.262489468,0.24248977,0.27555573,0.058838241,0.05785796,0.059478682,0.421168149,0.434415281,0.41251722,0.019991947,0.020980224,0.019346563,0.082564622,0.086240582,0.080164075,0.385989755,0.37638557,0.392261684,0.142958641,0.132275879,0.149934918,0.027172852,0.023920802,0.029296573,0.449365526,0.446463704,0.451260537,0.52346164,0.529615521,0.519442916,1.052673101,0.400093973,0.018991601,0.078433298,0.366675794,0.135805354,1.050297499,0.41361165,0.019975506,0.082110621,0.358360916,0.125941351,1.054224491,0.391299218,0.018351464,0.076040804,0.372085541,0.142222956,0.331513077,0.326474786,0.334860474,0.600924969,0.610779226,0.594377875,0.067561969,0.062745973,0.070761658,0.201526508,0.191902816,0.207905903,0.014997069,0.009093454,0.018910475,0.142648876,0.137445197,0.146098301,0.499216735,0.53745538,0.473868966,0.254059911,0.242747933,0.261558443,0.054545943,0.053332005,0.055350643,0.675197363,0.664642572,0.682193935,0.270256698,0.282025427,0.262455404,1.11244905,0.181155726,0.013481129,0.128229588,0.448754698,0.228378922,1.118644834,0.171549365,0.008128991,0.122867592,0.48045221,0.217001796,1.108342052,0.187582791,0.017061949,0.131816983,0.427547574,0.235990718
Chandigarh,4,0.116352193,0.107985474,0.333333343,0.411301047,0.410451502,0.433333337,0.233702168,0.241428316,0.033333335,0.238644585,0.240134716,0.200000003,0.215070322,0.221777707,0.03846154,0.783483386,0.77672112,0.961538434,0.001446266,0.001501193,0,0.061357509,0.061357509,NA,0.938642502,0.938642502,NA,0,0,NA,0.219145626,0.226196826,0.03846154,0.779369771,0.772260606,0.961538434,0.00148461,0.001542547,0,0.69376117,0.686512768,0.884615362,0.181742489,0.184262678,0.115384616,0.124496363,0.129224584,0,0.555809796,0.553554177,0.615384638,0.057804186,0.055624042,0.115384616,0.030129008,0.03126977,0,0.290843099,0.293117642,0.230769232,0.099193469,0.100036688,0.07692308,0.019313714,0.020044981,0,0.239457488,0.241242692,0.192307696,0.741228819,0.738712311,0.807692289,1.033779502,0.53764832,0.055915393,0.02914452,0.281339586,0.09595225,1.033602357,0.535558164,0.053815708,0.030253192,0.283588409,0.096784502,1.038461566,0.592592597,0.111111112,0,0.222222224,0.074074075,0.442258626,0.442046344,0.444444448,0.446701169,0.436130345,0.555555582,0.111040212,0.121823311,0,0.403905183,0.400009841,0.444444448,0.043801799,0.037334148,0.111111112,0.075349763,0.071913511,0.111111112,0.358073801,0.371127576,0.222222224,0.17656672,0.182856262,0.111111112,0.025673445,0.028140368,0,0.457780421,0.480414867,0.222222224,0.51654613,0.491444767,0.777777791,1.057697296,0.381872177,0.041412417,0.071239442,0.338540912,0.166935027,1.063241363,0.376217335,0.035113521,0.06763611,0.349052995,0.171980008,1,0.444444448,0.111111112,0.111111112,0.222222224,0.111111112
Uttarakhand,5,0.177386165,0.150040984,0.193058595,0.602181196,0.546164453,0.634286225,0.151877731,0.203980148,0.122016117,0.068554908,0.099814422,0.050639048,0.509439111,0.528353691,0.498767108,0.488487303,0.470075995,0.49887532,0.002073603,0.00157033,0.002357559,0.259306699,0.264802605,0.256376147,0.740693271,0.735197365,0.743623853,0,0,0,0.519970953,0.53903687,0.509188235,0.47786811,0.459329128,0.488352865,0.002160912,0.001633985,0.002458917,0.684435844,0.68032378,0.686753929,0.259081364,0.262203425,0.257321328,0.056482822,0.057472777,0.055924751,0.527122498,0.518519819,0.531984448,0.029468419,0.028803229,0.02984436,0.06322512,0.053798616,0.068552643,0.311827809,0.321220607,0.306519747,0.099382266,0.109631993,0.093589485,0.017113201,0.017361712,0.016972752,0.337166667,0.317982197,0.34800905,0.645720124,0.664656103,0.635018229,1.031026125,0.511260092,0.028581642,0.061322521,0.30244413,0.096391611,1.031974316,0.502454162,0.027910801,0.052131739,0.311268032,0.106235199,1.030490637,0.516243815,0.028961312,0.066524275,0.297450304,0.090820313,0.357277334,0.338411331,0.370008975,0.565708339,0.57739687,0.55782038,0.077014349,0.084191822,0.072170675,0.27700913,0.233754247,0.306207329,0.020930951,0.021528346,0.020527696,0.113869973,0.107553899,0.118133493,0.471745044,0.492854923,0.457495302,0.207333833,0.252689719,0.176717386,0.028309215,0.027908737,0.028579546,0.576451898,0.581705093,0.572905838,0.395238906,0.390386164,0.398514628,1.090888977,0.253929704,0.019187059,0.104382731,0.432440937,0.190059513,1.108381152,0.210896984,0.019423233,0.097036928,0.444661945,0.227980882,1.079081178,0.283766717,0.01902331,0.109476,0.423967451,0.163766533
Haryana,6,0.152856529,0.118717104,0.175380841,0.629009426,0.625154495,0.631552815,0.155900598,0.176307425,0.142436713,0.062233415,0.079820953,0.050629616,0.340726495,0.359688729,0.32835418,0.658631206,0.640192509,0.670661867,0.000642334,0.000118751,0.000983956,0.202877134,0.229641214,0.185883939,0.797122836,0.770358801,0.814116061,0,0,0,0.348833263,0.367203623,0.336827964,0.650486648,0.63267076,0.662129581,0.000680109,0.000125614,0.001042479,0.718788922,0.740343273,0.704728305,0.234477431,0.220540211,0.243569165,0.046733629,0.039116509,0.051702544,0.469777882,0.450835705,0.481969684,0.023137787,0.025265226,0.021768497,0.093998343,0.092445716,0.094997674,0.351116776,0.361517191,0.344422728,0.099610731,0.11228554,0.091452807,0.022501355,0.024727561,0.021068497,0.455590218,0.446211845,0.46162647,0.521908402,0.529060602,0.517305017,1.037641525,0.452736199,0.02229844,0.090588458,0.338379651,0.095997252,1.042349339,0.43251881,0.024238732,0.088689767,0.346829206,0.107723519,1.034611344,0.465846121,0.021040265,0.091819674,0.332900584,0.08839339,0.376004726,0.390657783,0.365317255,0.581067324,0.562554598,0.594569981,0.042927928,0.046787638,0.040112775,0.227697849,0.202046201,0.246468619,0.009018857,0.010018504,0.008287358,0.126959026,0.107254185,0.141378164,0.533043504,0.568515062,0.507086992,0.20062089,0.200104445,0.200998813,0.042699169,0.038889706,0.045486771,0.64505738,0.656708598,0.636531591,0.312243432,0.304401726,0.31798166,1.097340107,0.207499802,0.008218835,0.115697064,0.485759616,0.182824716,1.087938428,0.185714737,0.009208705,0.098584794,0.522561789,0.183929935,1.104219913,0.223206103,0.00750517,0.128034428,0.459226459,0.182027876
Delhi,7,0.117434919,0.117383994,0.123806529,0.43315196,0.432583064,0.50432688,0.185496643,0.185471147,0.188686788,0.263916463,0.264561772,0.183179811,0.413781196,0.415401399,0.220062643,0.585381985,0.583754778,0.779937327,0.000836828,0.000843827,0,0.157284141,0.157284141,NA,0.842715859,0.842715859,NA,0,0,NA,0.425968915,0.427773595,0.220062643,0.573154509,0.571342111,0.779937327,0.000876591,0.000884274,0,0.694796383,0.695468843,0.614600003,0.208887279,0.208336145,0.274613678,0.096316367,0.096195035,0.110786334,0.615347207,0.614962757,0.659471393,0.100820184,0.100418516,0.146917045,0.022967143,0.022903267,0.030297754,0.211653411,0.212074623,0.163313806,0.071266614,0.071887612,0,0.016848734,0.016995547,0,0.145975441,0.145333514,0.219644144,0.837175846,0.837670922,0.780355871,1.022054553,0.602068841,0.098644622,0.022471543,0.20708622,0.069728777,1.022246718,0.601579607,0.098233148,0.022404833,0.207459331,0.070323154,1,0.659471393,0.146917045,0.030297754,0.163313806,0,0.384082168,0.38616398,0.099979118,0.524727404,0.521977365,0.900020897,0.091190442,0.091858655,0,0.542752445,0.546642363,0.099979118,0.049225915,0.049658377,0,0.080376096,0.081082217,0,0.291914999,0.286572635,0.900020897,0.068881847,0.069486991,0,0.017763715,0.017919773,0,0.413509607,0.413188934,0.450010449,0.568726659,0.568891287,0.549989581,1.033151269,0.525336862,0.047646377,0.077797025,0.282548159,0.066671602,1.033442616,0.528952777,0.048051413,0.078458361,0.277299017,0.067238361,1,0.099979118,0,0,0.900020897,0
Rajasthan,8,0.261495143,0.181021869,0.289381146,0.590649724,0.572598755,0.596904814,0.104581282,0.162865564,0.084384307,0.043273874,0.083513841,0.029329712,0.492576331,0.55927068,0.469587862,0.505076587,0.438223034,0.528119922,0.002347072,0.002506253,0.002292205,0.264649361,0.342896402,0.244543642,0.734650314,0.657103598,0.754576027,0.000700367,0,0.000880327,0.504303992,0.568057954,0.48202005,0.493264228,0.429334044,0.515609741,0.002431801,0.002608035,0.002370202,0.681410193,0.708003938,0.672241092,0.218836546,0.195052564,0.227036878,0.099753276,0.096943527,0.10072203,0.547434866,0.548251808,0.54715246,0.032685317,0.02677455,0.034728579,0.080559574,0.065883748,0.085632794,0.288163602,0.29621467,0.285380453,0.075898975,0.090610407,0.070813455,0.015363775,0.014463439,0.015675008,0.399307966,0.354728013,0.414718598,0.585328221,0.630808532,0.569606364,1.024742365,0.53421706,0.031896133,0.078614466,0.281205893,0.074066401,1.027735233,0.533456266,0.026051993,0.064105757,0.288220793,0.088165127,1.023707747,0.534481108,0.033924311,0.08364965,0.2787714,0.069173507,0.419914901,0.451304108,0.407398522,0.490862072,0.455597878,0.504923582,0.089223027,0.093098029,0.087677881,0.362099826,0.355848193,0.364584178,0.014929622,0.009704924,0.017005876,0.127912372,0.115169391,0.132976338,0.415388137,0.422742218,0.412465692,0.142565802,0.161367059,0.135094345,0.031866446,0.033365436,0.031270757,0.571515858,0.540291131,0.583924294,0.396617711,0.426343441,0.384804934,1.062895775,0.34067294,0.014046177,0.12034329,0.390807956,0.134129614,1.064831734,0.33418256,0.009114045,0.108157359,0.39700377,0.151542306,1.062126398,0.343258739,0.01601116,0.12519823,0.388339549,0.127192348
Uttar Pradesh,9,0.242595196,0.169099361,0.26891458,0.584232807,0.54881984,0.59691447,0.124182656,0.189244196,0.10088367,0.048989337,0.092836618,0.03328732,0.436370522,0.436631143,0.436277866,0.562183142,0.562004209,0.56224674,0.001446362,0.001364631,0.001475422,0.237018719,0.260478318,0.230831608,0.7623384,0.739521682,0.768355966,0.000642885,0,0.000812436,0.448269039,0.444895864,0.449488282,0.550236642,0.553675473,0.548993647,0.001494319,0.001428656,0.001518052,0.650297582,0.666541696,0.644521654,0.249886006,0.246614695,0.251049191,0.099816404,0.086843617,0.104429141,0.56379962,0.561871707,0.56448859,0.028422782,0.028914548,0.02824704,0.059994806,0.048805658,0.063993454,0.292217672,0.300102204,0.289400011,0.082300447,0.089522369,0.079719558,0.01512902,0.013777035,0.015612177,0.350191981,0.305904865,0.366018772,0.634679019,0.680318058,0.618369043,1.026735306,0.549118757,0.027682677,0.058432594,0.284608573,0.080157414,1.029216528,0.545921743,0.028093746,0.047420204,0.291583151,0.08698108,1.025848627,0.550265014,0.02753529,0.062380992,0.282107919,0.077710837,0.390429199,0.401877284,0.385424763,0.512032926,0.515202165,0.510647535,0.097537853,0.082920529,0.103927664,0.405404896,0.355695456,0.427290946,0.028018767,0.019829446,0.031624358,0.119645193,0.109321803,0.124190375,0.379218131,0.432348788,0.355825782,0.119815148,0.147464812,0.107641555,0.024822412,0.026041649,0.024285605,0.541661382,0.512545109,0.554480672,0.433516234,0.461413264,0.421233743,1.052102089,0.385328472,0.026631225,0.113720134,0.360438526,0.113881677,1.064660311,0.334092915,0.018625138,0.10268233,0.406090826,0.138508797,1.046573043,0.40827629,0.030217057,0.11866384,0.339991361,0.10285145
Bihar,10,0.289527297,0.215477929,0.301024914,0.583082318,0.545306683,0.588947713,0.090512082,0.172162533,0.077834241,0.036878303,0.067052834,0.032193113,0.350027353,0.375243962,0.346099049,0.649291575,0.624103427,0.653215408,0.000681109,0.000652639,0.000685545,0.166115746,0.187491059,0.163983613,0.833112061,0.812508941,0.83516711,0.000772217,0,0.000849243,0.364551038,0.384970218,0.361274749,0.634775043,0.614343345,0.638053358,0.000673914,0.000686448,0.000671903,0.667070866,0.676825583,0.665550947,0.209089503,0.201816216,0.210222781,0.123839632,0.121358216,0.124226265,0.608997643,0.616625369,0.60780108,0.046212409,0.046383221,0.046185613,0.056182437,0.053672276,0.056576211,0.241463184,0.241489202,0.241459101,0.064436905,0.061171003,0.064949237,0.016189685,0.014913734,0.016389847,0.3197622,0.300081342,0.322849572,0.664048135,0.68500489,0.660760581,1.017292619,0.598645508,0.04542686,0.05522741,0.23735863,0.063341565,1.019341111,0.604925454,0.045503139,0.05265389,0.236907154,0.060010336,1.016971231,0.597658098,0.045414865,0.055632066,0.237429634,0.063865364,0.403988868,0.396991014,0.405575216,0.479385614,0.49527508,0.475783676,0.11662551,0.10773389,0.118641131,0.441577047,0.383903474,0.454749912,0.032090243,0.018234843,0.03525487,0.115786515,0.118767418,0.115105666,0.346154869,0.391836017,0.335721135,0.11246787,0.146578282,0.104676925,0.026695192,0.032754656,0.025311189,0.520363212,0.501347244,0.524706483,0.452941626,0.465898097,0.449982315,1.04807651,0.421321392,0.030618226,0.11047525,0.33027634,0.107308835,1.059320092,0.362405539,0.017213725,0.11211665,0.369893879,0.138370156,1.045508504,0.434955716,0.033720307,0.110095389,0.321107984,0.100120589
Sikkim,11,0.062043767,0.072580181,0.056928191,0.664944351,0.582727909,0.704861522,0.214410305,0.256012738,0.194211736,0.05860161,0.088679187,0.043998521,0.613515258,0.626269639,0.607352018,0.383430511,0.370284736,0.389782876,0.003054224,0.003445606,0.002865098,0.514575362,0.501077294,0.519949436,0.485424638,0.498922676,0.480050534,0,0,0,0.616445243,0.629498124,0.610102832,0.380410075,0.36696738,0.38694191,0.003144671,0.003534462,0.002955271,0.666299284,0.702988744,0.648541987,0.314356565,0.270418912,0.335621893,0.019344157,0.026592316,0.015836123,0.336601764,0.358919352,0.326067239,0.013840275,0.009708215,0.015790721,0.099348098,0.073119499,0.11172872,0.425470531,0.414327025,0.430730551,0.181785256,0.206844196,0.169956744,0.02634554,0.025260422,0.026857745,0.463822514,0.378133357,0.504270136,0.509831965,0.596606195,0.46887216,1.057045937,0.318436265,0.013093352,0.093986548,0.402509034,0.171974793,1.062918305,0.337673515,0.009133548,0.06879127,0.389801383,0.194600269,1.054273963,0.309281319,0.014977816,0.105976932,0.408556581,0.161207378,0.31028378,0.31020245,0.310344666,0.66215384,0.64780581,0.672893882,0.027562387,0.041991737,0.016761489,0.152742043,0.142112017,0.160978064,0.008241917,0.011946621,0.005371551,0.113702483,0.09002772,0.132045448,0.51436919,0.492469072,0.531337202,0.318668693,0.354347646,0.291024983,0.063515641,0.066980749,0.060830906,0.635111928,0.613368452,0.651958525,0.301372439,0.319650799,0.287210554,1.107724309,0.137888134,0.007440405,0.102645107,0.464347661,0.287678719,1.090903044,0.130270064,0.010951131,0.082525864,0.451432496,0.324820489,1.120757222,0.143633306,0.004792787,0.117818065,0.474087685,0.259668171
Arunachal Pradesh,12,0.079955645,0.080696262,0.079688817,0.709093094,0.629536629,0.737755656,0.154260501,0.202544376,0.136864811,0.056690745,0.087222748,0.045690697,0.524326324,0.544205248,0.517317653,0.470912844,0.449431002,0.478486627,0.004760841,0.006363752,0.004195707,0.384376496,0.392391384,0.382408381,0.612771869,0.607608616,0.614039719,0.002851662,0,0.003551914,0.531547606,0.550056338,0.524910569,0.463593006,0.443334639,0.470857471,0.004859353,0.00660902,0.004231941,0.692202628,0.703363478,0.688267291,0.218572602,0.209537268,0.22175847,0.089224748,0.087099239,0.089974202,0.447305143,0.480827093,0.434923083,0.020828636,0.023488492,0.01984616,0.062190566,0.046859447,0.067853443,0.36328122,0.336697072,0.373100668,0.154856026,0.155342311,0.154676408,0.030412011,0.02356326,0.032941744,0.388868868,0.305634737,0.419613212,0.580719113,0.670801997,0.547445059,1.048461556,0.42662999,0.019865904,0.05931602,0.346489787,0.147698328,1.04321444,0.460909158,0.022515496,0.044918325,0.322749615,0.148907363,1.05039978,0.414054811,0.018893911,0.064597733,0.355198741,0.147254795,0.369388938,0.418876916,0.351375639,0.540061891,0.472032607,0.564824104,0.090549171,0.109090455,0.083800264,0.274129421,0.302050084,0.263626486,0.007971893,0.010808289,0.006904923,0.087443501,0.05511548,0.099604368,0.483305693,0.494847089,0.47896415,0.238082364,0.205408633,0.250373274,0.033687022,0.025730947,0.036679871,0.57694155,0.5322662,0.593747139,0.389371395,0.442002863,0.369572967,1.090932846,0.251279831,0.007307409,0.080154799,0.443020582,0.218237415,1.068229556,0.28275764,0.010117946,0.051595166,0.463240415,0.192288846,1.099473238,0.23977527,0.00628021,0.090592809,0.43563056,0.22772111
Nagaland,13,0.114588745,0.120318711,0.11090783,0.697156191,0.644363999,0.731069803,0.13038902,0.158940092,0.112047851,0.057866026,0.076377191,0.045974486,0.678267539,0.704596102,0.661554813,0.318480402,0.291906446,0.335348964,0.003252031,0.003497463,0.003096236,0.340708882,0.408944637,0.310733795,0.659291089,0.591055393,0.689266205,0,0,0,0.694670439,0.715772331,0.681046188,0.30191952,0.280597985,0.31568554,0.003410056,0.003629675,0.003268261,0.643342793,0.657461762,0.634380877,0.301797807,0.287107438,0.311122358,0.054859441,0.055430818,0.054496761,0.429151058,0.423394203,0.432894111,0.016042558,0.013552999,0.017661246,0.055398606,0.045108009,0.062089451,0.379573464,0.386853665,0.374839962,0.169556499,0.185055375,0.15947929,0.026654789,0.027398685,0.026171114,0.375716507,0.325725108,0.40822044,0.597628713,0.646876216,0.565608442,1.049722195,0.40882346,0.015282671,0.052774541,0.3615942,0.161525115,1.053964257,0.401715904,0.012859069,0.042798422,0.367046297,0.175580308,1.046964049,0.413475633,0.016869009,0.059304282,0.35802564,0.152325466,0.410187244,0.480980843,0.365968853,0.540062964,0.464297622,0.587386787,0.049749777,0.054721545,0.04664436,0.250108689,0.235060826,0.259494513,0.008666866,0.006813615,0.009822792,0.105036855,0.060684908,0.132700473,0.470864147,0.485300958,0.461859494,0.272130907,0.335166931,0.232813507,0.043041471,0.04825931,0.03978695,0.607166588,0.549823463,0.64293313,0.349791944,0.401917189,0.317279905,1.10680747,0.22597307,0.007830509,0.09490075,0.425425529,0.245870143,1.123027205,0.209309995,0.006067186,0.0540369,0.432136416,0.298449516,1.096690774,0.236615941,0.008956756,0.121000811,0.42113921,0.212287292
Manipur,14,0.084849991,0.08225546,0.086618729,0.650901496,0.596515894,0.687977135,0.206989005,0.241869584,0.183210298,0.057259511,0.079359062,0.042193856,0.694059432,0.696914554,0.6921224,0.302449226,0.300741494,0.303607821,0.003491322,0.002343937,0.004269759,0.415206969,0.343538433,0.449041486,0.584793031,0.656461596,0.550958514,0,0,0,0.708697915,0.711474538,0.706779599,0.287627459,0.28608492,0.28869319,0.0036746,0.002440513,0.004527214,0.703468144,0.717238247,0.694124341,0.221240163,0.211054906,0.228151426,0.075291693,0.071706854,0.077724203,0.488609433,0.475893527,0.497192711,0.013031457,0.013099954,0.012985221,0.04589837,0.03707749,0.051852494,0.372334808,0.381301463,0.366282284,0.1222848,0.134202793,0.114240102,0.011692859,0.013721974,0.010323199,0.311593652,0.287238181,0.328033656,0.676713526,0.699039817,0.661643147,1.042158842,0.46884352,0.01250429,0.044041626,0.357272595,0.117337964,1.041575193,0.456897914,0.01257706,0.035597518,0.366081566,0.12884599,1.042552829,0.476899296,0.012455217,0.049736083,0.351332098,0.109577276,0.392593652,0.410051256,0.381568611,0.520667791,0.489761829,0.540185869,0.086738586,0.100186907,0.078245543,0.244900033,0.223506749,0.258194506,0.010062377,0.00664421,0.01218654,0.104283109,0.096019626,0.10941831,0.495593458,0.519894183,0.480492204,0.241277069,0.282277673,0.215797931,0.02630442,0.023607977,0.02798008,0.591582775,0.537052035,0.625470042,0.382112801,0.439339995,0.346549898,1.096116066,0.223425269,0.009180029,0.095138744,0.452135921,0.220119998,1.12834239,0.198084161,0.00588847,0.085097954,0.460759252,0.250170231,1.076089501,0.239937767,0.011324839,0.101681419,0.446516961,0.200539023
Mizoram,15,0.079625294,0.070360713,0.093640678,0.686773002,0.632387996,0.769046247,0.173527107,0.217078522,0.107642896,0.06007459,0.080172792,0.029670209,0.71073705,0.750898302,0.651848257,0.282547593,0.240703151,0.343904495,0.006715348,0.008398542,0.004247264,0.402885795,0.47239387,0.316081971,0.597114205,0.52760613,0.683918059,0,0,0,0.723887801,0.76197958,0.667643845,0.269109964,0.229287729,0.327909112,0.007002213,0.008732707,0.00444707,0.779513717,0.793337107,0.759244323,0.173579976,0.168652162,0.180805668,0.046906304,0.038010709,0.059949994,0.5421803,0.540868282,0.544104576,0.020734688,0.024346812,0.015436973,0.041600693,0.030260986,0.058232047,0.315456986,0.31635192,0.314144403,0.105350338,0.110434085,0.097894266,0.007071747,0.004503768,0.010838067,0.265704483,0.22732234,0.321997553,0.727223754,0.768173873,0.667164385,1.025323033,0.528789759,0.020222591,0.040573254,0.307665944,0.102748439,1.022262096,0.52908963,0.023816604,0.029601984,0.309462637,0.108029127,1.029812217,0.528353214,0.014990086,0.056546278,0.305050194,0.095060311,0.351728737,0.340437144,0.368999779,0.601401627,0.600634098,0.6025756,0.046869647,0.058928788,0.028424595,0.318438441,0.321819901,0.313296497,0.004153489,0.005138898,0.002655049,0.102972798,0.087730236,0.126151025,0.449152291,0.448021919,0.45087114,0.191841692,0.209634215,0.164785936,0.021785621,0.020479416,0.023771869,0.52340734,0.48332572,0.584356487,0.454807043,0.496194869,0.391871631,1.066558719,0.298566252,0.00389429,0.096546769,0.421122879,0.179869786,1.072345138,0.300108522,0.004792206,0.08181157,0.417796373,0.195491359,1.057759643,0.296188742,0.002510068,0.119262464,0.426251024,0.155787691
Tripura,16,0.184310749,0.159692064,0.194890141,0.640664756,0.582520723,0.665650964,0.132690281,0.187322319,0.10921327,0.042334199,0.070464879,0.030245617,0.417133093,0.412566364,0.419045478,0.582043767,0.587433636,0.579786718,0.000823128,0,0.001167827,0.164330199,0.200659513,0.153356418,0.835669816,0.799340487,0.846643567,0,0,0,0.425791442,0.418229163,0.428991288,0.573357224,0.581770837,0.569797158,0.00085132,0,0.001211543,0.659011841,0.673914969,0.652787626,0.262629449,0.256387293,0.265236437,0.07835871,0.069697723,0.081975922,0.45329389,0.473810047,0.444567084,0.011261146,0.014660851,0.009815035,0.048209682,0.040962119,0.051292531,0.389146835,0.365969718,0.399005502,0.14279677,0.152473226,0.138680771,0.016888466,0.016174745,0.017192056,0.336739749,0.270847112,0.364768058,0.646371782,0.712978184,0.618039846,1.044708371,0.433895141,0.010779224,0.046146546,0.372493267,0.136685774,1.047876,0.452162325,0.013991017,0.039090615,0.349249065,0.145506933,1.043360949,0.426091373,0.009407133,0.049160868,0.382423282,0.132917345,0.34650299,0.364435405,0.338552356,0.57908684,0.554411709,0.590026975,0.074410193,0.081152879,0.071420707,0.280524492,0.273807794,0.283527762,0.009234758,0,0.013363956,0.103349566,0.116049789,0.097670831,0.50851506,0.512316287,0.506815374,0.161480844,0.131515712,0.174879357,0.024748886,0.018841576,0.02739026,0.544511437,0.53924489,0.546866298,0.430739671,0.441913515,0.425743431,1.063104749,0.263872862,0.008686593,0.097214848,0.478330165,0.151895523,1.033689618,0.264883965,0,0.112267539,0.495619059,0.127229407,1.076257229,0.263438672,0.012417066,0.090750456,0.470905423,0.162488446
Meghalaya,17,0.112768196,0.108434319,0.114080563,0.745046794,0.693322003,0.760709941,0.103587329,0.142949983,0.091667682,0.038597673,0.055293724,0.033541836,0.393578351,0.509796441,0.358393431,0.605130494,0.487638563,0.640701056,0.00129115,0.002564985,0.000905498,0.256661683,0.269486934,0.254558921,0.743338346,0.730513096,0.745441079,0,0,0,0.403579354,0.520138443,0.366956979,0.595035195,0.477186203,0.632062852,0.001385462,0.002675372,0.000980177,0.706623852,0.675175965,0.716109812,0.242655173,0.296331912,0.226464123,0.050720964,0.028492128,0.057426069,0.534842134,0.551250577,0.529838264,0.043974977,0.036211364,0.046342522,0.080906428,0.063743569,0.086140312,0.268171638,0.285486668,0.262891352,0.107804433,0.095174156,0.111656085,0.046249945,0.033006631,0.050288547,0.366585016,0.28126353,0.392604172,0.587164998,0.685729861,0.55710727,1.035699606,0.516406596,0.042459201,0.078117661,0.258928001,0.104088515,1.031866312,0.534226716,0.035093077,0.061775025,0.276670218,0.092234969,1.036868572,0.510998487,0.044694692,0.083077371,0.253543556,0.107685864,0.413020581,0.357207239,0.428007305,0.533680856,0.580434263,0.521126866,0.053298555,0.062358528,0.050865822,0.422899604,0.378104806,0.434530914,0.040969048,0.020872727,0.046187211,0.104368947,0.058845069,0.116189569,0.353473336,0.399329424,0.341566443,0.135189816,0.200628534,0.118198156,0.035218302,0.04599876,0.032419074,0.568147361,0.472805053,0.592903733,0.39663431,0.481196195,0.374677181,1.05690074,0.400131822,0.038763382,0.098750003,0.334443271,0.127911553,1.057780504,0.357451111,0.019732568,0.055630699,0.377516329,0.189669341,1.056672335,0.411225796,0.04371006,0.109957993,0.323247254,0.111858852
Assam,18,0.246797845,0.167447478,0.260788292,0.603728831,0.53546226,0.615765095,0.107836679,0.193085387,0.092806295,0.041636623,0.104004875,0.030640345,0.501164019,0.525058031,0.497151852,0.49702245,0.472576261,0.501127303,0.001813544,0.002365706,0.001720828,0.265277445,0.309710294,0.260068506,0.734076381,0.690289676,0.739209592,0.000646173,0,0.000721924,0.51083684,0.531432331,0.507333755,0.487301707,0.466131926,0.490902513,0.001861413,0.002435731,0.001763728,0.749995887,0.74493134,0.750846386,0.17838344,0.169732422,0.179836288,0.071620688,0.085336268,0.069317304,0.393708616,0.403003007,0.392183512,0.013047165,0.018495597,0.012153153,0.070531726,0.054420311,0.073175386,0.403695971,0.391871125,0.405636281,0.179972455,0.200770333,0.176559806,0.036958959,0.033206273,0.037574723,0.418389112,0.352321893,0.429229796,0.544651926,0.614471853,0.533195496,1.060955882,0.371088594,0.012297557,0.066479415,0.380502135,0.16963236,1.068560362,0.377145767,0.017308893,0.050928626,0.366728127,0.187888622,1.059708118,0.370086342,0.011468397,0.069052398,0.382781148,0.166611731,0.380740523,0.40607962,0.375823408,0.547397554,0.484823853,0.559540212,0.071861908,0.109096549,0.064636394,0.252366483,0.212145075,0.260194749,0.01049631,0.006466844,0.011280562,0.107652992,0.077929333,0.113438077,0.48071453,0.503745615,0.476231992,0.246210366,0.285777867,0.238509387,0.049212139,0.034996465,0.051978923,0.597802401,0.547816038,0.60753125,0.352985442,0.417187482,0.340489835,1.09744072,0.2299591,0.009564352,0.098094583,0.438032329,0.224349588,1.086064696,0.195333734,0.005954382,0.07175386,0.463826537,0.263131529,1.099654794,0.236614943,0.010258275,0.1031579,0.433074087,0.216894776
West Bengal,19,0.203497365,0.129749671,0.238563448,0.578082144,0.525675178,0.603000998,0.155760512,0.222138822,0.124198481,0.062659971,0.122436307,0.03423709,0.33874467,0.381318241,0.31965971,0.660504282,0.617705524,0.679690123,0.000751084,0.000976225,0.000650157,0.180253372,0.223577425,0.164338246,0.819746614,0.77642256,0.835661769,0,0,0,0.345024973,0.386715293,0.326194018,0.654194176,0.612275064,0.673128486,0.000780846,0.001009626,0.000677509,0.67708987,0.689764082,0.671409428,0.209728315,0.204714581,0.211975411,0.113181822,0.105521351,0.116615169,0.471807182,0.453471154,0.480052054,0.02323734,0.019726306,0.024816098,0.069196813,0.064673856,0.071230583,0.363890529,0.377486527,0.357776999,0.109834045,0.125604913,0.102742597,0.023295594,0.0241744,0.022900434,0.409393787,0.389837176,0.418187529,0.567310631,0.585988402,0.558912039,1.037965894,0.454549789,0.022387384,0.066665784,0.350580424,0.105816625,1.040962696,0.435626715,0.01895006,0.06212889,0.362632126,0.120662265,1.036618352,0.463094294,0.023939474,0.068714373,0.34513858,0.099113233,0.373895466,0.373813331,0.373933673,0.504265904,0.476774544,0.517048836,0.121838585,0.14941214,0.109017484,0.351454616,0.332429409,0.360412061,0.013356059,0.017764932,0.011280273,0.112660371,0.086204104,0.125116512,0.434261739,0.450562268,0.426587105,0.157141879,0.197691038,0.138050526,0.039315447,0.033373259,0.042113144,0.563540459,0.527421832,0.580545843,0.397144079,0.439204901,0.377341002,1.068874717,0.328808039,0.012495439,0.105400912,0.406279355,0.147016183,1.084651709,0.306484938,0.016378466,0.079476297,0.415398121,0.182262227,1.061446428,0.339548051,0.010627266,0.117873602,0.401892275,0.13005887
Jharkhand,20,0.303900719,0.207557738,0.340423435,0.579596698,0.557676017,0.587906599,0.077699393,0.153771818,0.048861053,0.038803205,0.080994442,0.022808904,0.307295471,0.364625692,0.285994142,0.691968381,0.634661496,0.713261068,0.000736143,0.000712803,0.000744815,0.131440118,0.189116433,0.119093448,0.867551923,0.807854235,0.880331278,0.001007968,0.003029327,0.000575259,0.315693349,0.369991452,0.295054406,0.683583498,0.629366577,0.704191566,0.000723162,0.000641981,0.00075402,0.655233145,0.670404792,0.649596751,0.272197455,0.262842327,0.275672942,0.072569408,0.066752888,0.074730299,0.542200208,0.548641682,0.539789319,0.032486066,0.03100739,0.033039488,0.063503131,0.05468433,0.066803724,0.300673127,0.302636832,0.299938172,0.084681146,0.086830758,0.08387661,0.016251696,0.013568144,0.017256064,0.33028093,0.287289977,0.346371055,0.653467357,0.69914186,0.636372864,1.023543715,0.529728413,0.031738818,0.062042423,0.293756992,0.082733296,1.023800969,0.535887063,0.030286541,0.053413048,0.295601249,0.084812149,1.023447275,0.527422667,0.03228255,0.06527324,0.293066561,0.081954986,0.36264798,0.342893481,0.371030152,0.567950308,0.579404354,0.563090205,0.069401719,0.077702194,0.06587968,0.3825804,0.355426103,0.394099057,0.019186195,0.014964358,0.020977069,0.111695297,0.096398585,0.118184052,0.407150865,0.441744536,0.392476469,0.13473013,0.145788223,0.130039364,0.022612464,0.012909367,0.026728446,0.533617079,0.521680713,0.538680375,0.443770468,0.465409905,0.434591174,1.055342913,0.362517625,0.018180057,0.105837919,0.385799587,0.12766479,1.054321766,0.3371135,0.01419335,0.091431849,0.418984562,0.138276786,1.055776,0.373279035,0.019868864,0.111940458,0.371742189,0.123169467
Odisha,21,0.256365538,0.150177762,0.278998107,0.563983202,0.504011869,0.576765299,0.128464773,0.221503973,0.108634658,0.051186495,0.124306373,0.035601925,0.451533318,0.487523109,0.444114536,0.547785521,0.511870921,0.555188775,0.000681179,0.000605977,0.00069668,0.2173834,0.287026852,0.204924762,0.780815661,0.709212005,0.793624938,0.001800945,0.003761121,0.001450286,0.45972991,0.493730456,0.452688009,0.539628088,0.505761266,0.546642303,0.00064198,0.000508294,0.000669668,0.696358204,0.70797807,0.693964005,0.197595268,0.19325377,0.198489815,0.106046505,0.098768137,0.107546195,0.549305737,0.547571123,0.549683452,0.039882392,0.040938728,0.039652377,0.056115538,0.044987567,0.058538612,0.286324829,0.289515465,0.285630077,0.099081263,0.110818245,0.09652558,0.01903338,0.017282749,0.019414574,0.340351135,0.309913307,0.346978843,0.640615523,0.672803938,0.633606613,1.030709743,0.532939315,0.038694106,0.05444359,0.277793854,0.096129164,1.03383112,0.529652417,0.039599046,0.043515392,0.280041367,0.107191823,1.030030131,0.53365767,0.038496327,0.056831941,0.277302653,0.093711413,0.399151206,0.418008924,0.394230604,0.502491653,0.468910843,0.511254013,0.098357126,0.113080248,0.094515368,0.392434359,0.358741373,0.401740193,0.023899596,0.012581785,0.027025513,0.115594439,0.086181909,0.123718016,0.386192113,0.431702107,0.373622477,0.146977931,0.192536399,0.134394929,0.028246442,0.033937935,0.026674481,0.531530917,0.521624327,0.534267068,0.440222621,0.444437712,0.439058423,1.065098405,0.368448913,0.022438861,0.108529352,0.362588197,0.137994692,1.081743598,0.331632525,0.011631023,0.079669438,0.399079889,0.177987099,1.060501099,0.378821105,0.02548372,0.116659962,0.352307498,0.12672776
Chhattisgarh,22,0.257247061,0.169128522,0.286251426,0.615375221,0.576177955,0.628277063,0.092469767,0.17631413,0.064872228,0.034907985,0.078379408,0.020599278,0.490659386,0.527739346,0.478610992,0.508460343,0.47193709,0.520327866,0.000880268,0.000323562,0.001061158,0.294739008,0.30705744,0.291464567,0.705260992,0.69294256,0.708535433,0,0,0,0.499931723,0.536622047,0.487902254,0.499146372,0.463041335,0.510983884,0.000921928,0.000336585,0.001113841,0.646980226,0.678746939,0.636660576,0.257921785,0.223311856,0.269165069,0.095097989,0.097941197,0.094174355,0.53499794,0.551392436,0.529659927,0.034929674,0.045530569,0.031478051,0.061292794,0.052294802,0.064222515,0.304340452,0.288031548,0.3096506,0.0963488,0.094969936,0.096797757,0.018228736,0.017916702,0.018330332,0.350417078,0.303406835,0.365723491,0.631354213,0.678676486,0.615946174,1.031909704,0.518454194,0.033849545,0.05939744,0.294929355,0.093369409,1.032219291,0.534181476,0.044109397,0.050662491,0.279041052,0.092005581,1.031808853,0.513331413,0.030507637,0.062242646,0.300104618,0.09381365,0.382918596,0.39282465,0.379583746,0.528512239,0.506364226,0.535968304,0.088569149,0.100811124,0.084447935,0.35657689,0.342932642,0.361161798,0.021932343,0.019918287,0.022609133,0.112363778,0.086356983,0.121102959,0.414964527,0.418292195,0.413846314,0.151395574,0.205645457,0.133165747,0.032065041,0.02976409,0.032838244,0.529147863,0.480605274,0.545459807,0.438787133,0.48963064,0.421701938,1.057233095,0.337273687,0.020745041,0.10628099,0.39250052,0.143199801,1.073145509,0.319558382,0.018560659,0.080470897,0.389781445,0.19162868,1.051885962,0.343346924,0.021493902,0.115129359,0.393432677,0.126597136
Madhya Pradesh,23,0.273095608,0.198381394,0.30625838,0.579657853,0.5534181,0.59130466,0.101835258,0.168336555,0.072317876,0.045411315,0.079863951,0.030119106,0.43741703,0.46659413,0.42457971,0.560729921,0.532071173,0.573339164,0.001853046,0.001334692,0.002081111,0.209989876,0.248407736,0.19695051,0.789235771,0.751592278,0.802012324,0.000774332,0,0.001037148,0.449248284,0.47592476,0.437360555,0.548842549,0.522683442,0.560499728,0.001909163,0.00139177,0.002139727,0.637577534,0.651353955,0.631515324,0.239980921,0.236407414,0.241553396,0.122441567,0.112238631,0.12693128,0.554740548,0.559368908,0.552698433,0.034556132,0.03602675,0.033907253,0.05943447,0.046913072,0.064959288,0.292922944,0.291781753,0.293426454,0.085366055,0.091014586,0.082873747,0.01500159,0.012921124,0.015919553,0.340207875,0.292572618,0.361225963,0.64479053,0.694506288,0.622854471,1.027020097,0.540145755,0.033646986,0.057870794,0.285216361,0.083120137,1.025105119,0.545669794,0.035144445,0.045764159,0.284635931,0.088785611,1.027865171,0.537714899,0.032988034,0.063198261,0.285471737,0.080627061,0.382557422,0.374545217,0.386293143,0.48617202,0.501212656,0.479159296,0.131270543,0.124242149,0.134547547,0.406918764,0.381164014,0.418845057,0.025748532,0.018475749,0.029116349,0.11103262,0.099396288,0.116421066,0.379594982,0.403037876,0.368739277,0.128725708,0.157524288,0.115389906,0.022456607,0.025558531,0.021020195,0.52034831,0.504547715,0.527665138,0.457195073,0.469893754,0.451314658,1.05202055,0.386797339,0.024475314,0.105542257,0.360824674,0.122360453,1.059598207,0.359725058,0.01743656,0.093805641,0.38036859,0.148664176,1.048511624,0.399466306,0.027769219,0.111034594,0.351678759,0.110051148
Gujarat,24,0.258805543,0.169237435,0.330408067,0.481456518,0.456876963,0.501105905,0.160824046,0.219903857,0.11359448,0.098913886,0.15398173,0.054891557,0.413634807,0.4496319,0.385974795,0.585138917,0.549704671,0.612366498,0.001226243,0.00066343,0.001658707,0.219786346,0.25699985,0.194090948,0.77880311,0.742359519,0.80396688,0.00141053,0.000640618,0.001942143,0.421339393,0.456811816,0.39396742,0.577441692,0.542523921,0.604385674,0.001218919,0.00066428,0.001646901,0.657223523,0.66971451,0.647625387,0.239230812,0.2237093,0.251157671,0.103545666,0.106576212,0.101216972,0.531771004,0.528256774,0.53449589,0.036486596,0.041609179,0.032514665,0.059973452,0.050350007,0.067435242,0.296339571,0.296956539,0.295861214,0.103895426,0.112884969,0.096925147,0.017615259,0.016602386,0.018400615,0.324826539,0.296442896,0.34683454,0.657558203,0.686954737,0.63476485,1.028466105,0.517052531,0.035476711,0.058313493,0.288137436,0.101019785,1.03005743,0.512842059,0.04039501,0.048880775,0.288291246,0.109590948,1.02723217,0.520326257,0.031652693,0.06564752,0.288017869,0.094355635,0.396256864,0.395800889,0.396647394,0.487848759,0.491603047,0.484633416,0.115894362,0.112596065,0.118719175,0.377709091,0.381809175,0.374201834,0.018198662,0.017306954,0.018961433,0.107822008,0.10502176,0.110217355,0.403455436,0.400965571,0.405585289,0.15613018,0.162945479,0.150300309,0.022997446,0.022133615,0.023736373,0.531906307,0.53938055,0.525512815,0.445096225,0.438485861,0.450750798,1.063315392,0.355218291,0.017115017,0.101401716,0.379431576,0.14683336,1.068048954,0.357482851,0.01620427,0.098330475,0.375418723,0.152563676,1.05926621,0.353265136,0.017900536,0.104050666,0.382892698,0.141890973
Daman & Diu,25,0.124002427,0.122365572,0.127836779,0.527178228,0.514004529,0.558037639,0.216537982,0.226094812,0.194151074,0.132281378,0.13753511,0.119974516,0.38424629,0.375753462,0.403931379,0.614814579,0.622902215,0.596068621,0.000939144,0.001344323,0,0.369609565,0.236348391,0.6913715,0.630390406,0.763651609,0.3086285,0,0,0,0.384591311,0.379080445,0.397352427,0.614447415,0.619543135,0.602647603,0.00096128,0.001376406,0,0.640877426,0.656136692,0.605449557,0.276412338,0.267937154,0.296089441,0.082710207,0.075926147,0.098460965,0.495073974,0.483155847,0.522496045,0.021980742,0.01854012,0.029897142,0.066355288,0.060941748,0.078811109,0.362385422,0.391460866,0.295486867,0.077649646,0.068923458,0.097727425,0.015947238,0.014017771,0.020386674,0.28654319,0.270642459,0.323128611,0.697509587,0.71533978,0.656484723,1.023445129,0.48373279,0.021477206,0.064835221,0.354083866,0.075870842,1.023022056,0.472282916,0.018122893,0.059570316,0.382651448,0.067372404,1.024418592,0.510041535,0.029184498,0.076932527,0.288443476,0.095397942,0.291369379,0.290222704,0.29530701,0.639306247,0.656436861,0.580480278,0.069324374,0.053340402,0.12421272,0.295755118,0.294977576,0.298474818,0.003630766,0.004064706,0.002112911,0.140315518,0.13782154,0.14903906,0.505953491,0.51512748,0.473864287,0.101541951,0.099175736,0.109818608,0.014287466,0.012069927,0.022044078,0.634928882,0.645248055,0.598834157,0.350783616,0.342682034,0.379121751,1.047196865,0.282425523,0.003467129,0.133991539,0.483150303,0.096965484,1.051167011,0.280619144,0.003866851,0.131112888,0.490052938,0.094348222,1.033309698,0.288853198,0.0020448,0.144234642,0.458588839,0.106278501
Dadra & Nagar Haveli,26,0.279524297,0.152041256,0.384048164,0.518264294,0.485695034,0.54496789,0.138642907,0.23236908,0.061796434,0.063568525,0.129894629,0.00918749,0.17213589,0.235891476,0.121433325,0.82786411,0.764108539,0.878566682,0,0,0,0.051790655,0.079740018,0.028568111,0.948209345,0.920260012,0.971431911,0,0,0,0.177588627,0.243147671,0.125555485,0.822411358,0.756852329,0.874444485,0,0,0,0.633347332,0.689248145,0.588891387,0.275782853,0.230337441,0.311923981,0.090869814,0.080414422,0.099184617,0.613398969,0.556886971,0.658649802,0.046129122,0.039966781,0.051063493,0.034405828,0.039241161,0.030534033,0.241802499,0.273575634,0.216360807,0.085896522,0.111296184,0.065558255,0.016407881,0.025166774,0.009394373,0.233093619,0.210241467,0.251392007,0.750498474,0.764591753,0.739213586,1.02163291,0.600410342,0.045152348,0.033677291,0.23668237,0.084077679,1.020966768,0.545450628,0.039146014,0.038435299,0.267957419,0.109010585,1.022166371,0.644366562,0.049956147,0.029871881,0.211668879,0.06413658,0.449563622,0.492076784,0.405465305,0.436488032,0.352256566,0.523860157,0.113948353,0.155666664,0.070674554,0.40349713,0.390453607,0.417026997,0.012134575,0.009134953,0.01524604,0.091421634,0.039564982,0.145211801,0.408776909,0.435157865,0.381412297,0.164476767,0.25371635,0.071909837,0.010753812,0.010673903,0.010836701,0.435683221,0.398345768,0.474412829,0.553562939,0.590980351,0.514750481,1.080307007,0.373502284,0.011232525,0.084625602,0.378389567,0.152250022,1.128027797,0.346138299,0.008098163,0.035074476,0.385768741,0.224920303,1.030807018,0.404563606,0.014790392,0.140871957,0.370013297,0.069760717
Maharashtra,27,0.224760339,0.15888235,0.28966859,0.522373259,0.494856983,0.549484432,0.166324884,0.220055804,0.11338491,0.086541526,0.126204863,0.047462061,0.477843374,0.474774927,0.480784386,0.519514441,0.523121119,0.516057491,0.002642211,0.00210396,0.003158111,0.215893686,0.20548515,0.224416316,0.782775283,0.794514835,0.773162782,0.001331044,0,0.002420921,0.487668425,0.484038293,0.49116835,0.509640157,0.513785362,0.505643666,0.00269139,0.002176335,0.00318797,0.655781269,0.647234797,0.663969219,0.239312068,0.256612331,0.22273764,0.104906641,0.096152864,0.113293141,0.575535178,0.567531288,0.583225846,0.050020017,0.055292889,0.044953488,0.031409897,0.026396185,0.036227405,0.271679252,0.273447275,0.269980401,0.095887892,0.102457747,0.089575134,0.011693166,0.011030796,0.012329616,0.224337786,0.204706654,0.24320069,0.763969064,0.784262538,0.744469702,1.024532199,0.561754107,0.048822299,0.030657794,0.265173942,0.093591876,1.025125384,0.553621352,0.053937685,0.025749225,0.26674521,0.099946551,1.023962259,0.569577456,0.043901507,0.03537963,0.263662457,0.087478943,0.416313976,0.384428114,0.447612137,0.444404751,0.475249767,0.414128214,0.139281273,0.140322104,0.138259634,0.373924464,0.334244043,0.413756728,0.025547601,0.020416634,0.030698204,0.088379137,0.087869264,0.08889097,0.405647635,0.44041726,0.370744914,0.180485323,0.192353994,0.168571249,0.017995389,0.014419529,0.021584935,0.471936822,0.47886157,0.464985609,0.510067761,0.506718874,0.513429463,1.073984146,0.348165721,0.023787688,0.082290918,0.377703547,0.168052137,1.07530117,0.310837597,0.018986899,0.081715956,0.409575731,0.178883836,1.072662115,0.385728866,0.028618708,0.0828695,0.345630646,0.157152236
Karnataka,29,0.201338306,0.158153266,0.234689057,0.550521672,0.509076834,0.582528472,0.161638737,0.206988677,0.126616091,0.0865013,0.125781208,0.056166369,0.518478036,0.541089416,0.501117587,0.478652656,0.455019385,0.496797681,0.002869312,0.003891195,0.002084736,0.30020982,0.341287941,0.27692014,0.699465275,0.658712089,0.722570777,0.000324885,0,0.000509082,0.52628994,0.547011375,0.510211766,0.470749676,0.44898209,0.487639606,0.002960378,0.004006527,0.00214865,0.671890378,0.652299285,0.686918914,0.23784858,0.266236633,0.216071829,0.09026105,0.081464089,0.097009286,0.531756878,0.522884011,0.538283288,0.030283118,0.030024886,0.030473063,0.05939186,0.04758374,0.068077371,0.305261552,0.321246535,0.293503731,0.105077311,0.110401623,0.101160988,0.018247666,0.020356355,0.01669661,0.361344516,0.348717213,0.370632589,0.62040782,0.63092643,0.612670779,1.031770706,0.515382826,0.029350627,0.05756304,0.29586181,0.101841725,1.032140851,0.506601393,0.029089911,0.046101984,0.311242908,0.106963716,1.031498432,0.521845937,0.029542521,0.065998517,0.28454113,0.098071881,0.36512959,0.315580994,0.405006468,0.503580749,0.52575779,0.485732615,0.131289661,0.158661216,0.109260924,0.344955832,0.35101822,0.340417057,0.018900273,0.015679624,0.02131151,0.111940578,0.106731765,0.115840308,0.40397808,0.380358666,0.421661437,0.186892867,0.205184266,0.173198476,0.026604798,0.026617903,0.026594987,0.553859413,0.549237669,0.557319641,0.419535756,0.424144417,0.416085362,1.066667676,0.323395789,0.017718989,0.104944192,0.378729105,0.175211892,1.058972597,0.331470549,0.014806449,0.100788034,0.359177053,0.193757862,1.072428823,0.317426234,0.01987219,0.108016782,0.393183619,0.161501139
Goa,30,0.147568092,0.104356647,0.2207008,0.51788491,0.533935666,0.490720004,0.232716367,0.241218686,0.218326703,0.101830654,0.120489031,0.0702525,0.657472551,0.664282143,0.645906925,0.340234667,0.333494633,0.351682186,0.002292755,0.002223196,0.002410896,0.354122251,0.213823229,0.511045277,0.645877779,0.786176801,0.488954693,0,0,0,0.663835526,0.672181129,0.649530947,0.333823651,0.325556695,0.347993374,0.002340847,0.002262181,0.002475682,0.724765301,0.744124949,0.69188416,0.198390245,0.178091973,0.232865587,0.076844454,0.077783078,0.075250268,0.540156007,0.54071629,0.539204001,0.036671191,0.032748293,0.043337412,0.05692317,0.064381801,0.044248652,0.302220196,0.294143021,0.315945834,0.090639658,0.094644181,0.083834738,0.014936916,0.011727529,0.020390658,0.304531366,0.316853374,0.283592492,0.680531681,0.671419084,0.696016848,1.026610255,0.526154876,0.035720654,0.055447694,0.294386506,0.088290229,1.02663362,0.526688635,0.031898715,0.062711567,0.286512166,0.092188857,1.026570678,0.525247812,0.042215712,0.043103367,0.307768226,0.081664845,0.35729152,0.35934481,0.353827447,0.571464181,0.564827025,0.582661688,0.071244299,0.07582815,0.063510887,0.333634734,0.36660549,0.277834624,0.010324224,0.0064703,0.016846653,0.114278793,0.1126514,0.11703302,0.466238707,0.453902483,0.487116635,0.156636477,0.135353804,0.192655534,0.031329848,0.036200326,0.023086989,0.521584034,0.510527253,0.540296674,0.447086126,0.453272432,0.436616331,1.081112981,0.308603019,0.009549625,0.105704762,0.431258082,0.144884467,1.074983478,0.341033608,0.006018976,0.104793608,0.42224136,0.125912443,1.091486454,0.25454703,0.015434597,0.107223518,0.446287394,0.176507488
Lakshadweep,31,0.129811645,0.117996357,0.174336702,0.460012734,0.455860853,0.475658804,0.255701303,0.267827094,0.210006103,0.154474303,0.158315673,0.139998361,0.502130628,0.515836358,0.450882584,0.497869372,0.484163642,0.549117386,0,0,0,0.277176052,0.372750789,0,0.722823977,0.627249241,1,0,0,0,0.51218313,0.52184701,0.475603521,0.48781687,0.47815299,0.524396479,0,0,0,0.581646442,0.570224941,0.624353349,0.382183641,0.395190328,0.33354941,0.036169928,0.034584735,0.042097252,0.51699537,0.539667726,0.439796686,0.02756888,0.025501493,0.034608286,0.070443109,0.075603463,0.052872229,0.299665153,0.280805051,0.363883376,0.126808107,0.110132419,0.183588415,0.02927769,0.029027821,0.030128486,0.393373221,0.389598668,0.406225532,0.577349067,0.581373513,0.563645959,1.04148066,0.496404201,0.026470851,0.067637458,0.287729919,0.121757522,1.031710148,0.523080766,0.024717692,0.073279753,0.272174358,0.106747441,1.074748993,0.409208745,0.032201272,0.049194954,0.338575214,0.170819804,0.345455974,0.325306416,0.405034333,0.608351946,0.651575208,0.480549186,0.046192065,0.02311839,0.11441648,0.318360448,0.32212159,0.310068637,0.061395869,0.048763577,0.089244857,0.225251198,0.238677308,0.195652172,0.329757005,0.338687658,0.310068637,0.131187648,0.101946555,0.195652172,0.037672486,0.031925034,0.050343245,0.758572757,0.792303383,0.684210539,0.203754783,0.175771564,0.265446216,1.065952182,0.298662961,0.057597209,0.211314544,0.309354395,0.123070858,1.050196648,0.306725025,0.046432804,0.227269158,0.322499275,0.097073779,1.100686431,0.281704783,0.081081092,0.177754685,0.281704783,0.177754685
Kerala,32,0.094862163,0.08866474,0.100331783,0.579572916,0.575320661,0.583325803,0.257433832,0.263801634,0.251813859,0.068131089,0.072212957,0.064528577,0.61713028,0.594703674,0.636793673,0.380504072,0.403270811,0.360542417,0.002365645,0.002025497,0.002663884,0.487937093,0.520825267,0.461188614,0.505661368,0.479174703,0.527203381,0.00640155,0,0.011608033,0.621575177,0.59714067,0.643054426,0.376198024,0.400767028,0.354600549,0.002226789,0.00209231,0.002345003,0.709110439,0.713362038,0.705382228,0.241154596,0.239222974,0.242848411,0.049734998,0.047414999,0.05176938,0.581878543,0.600073636,0.565623343,0.058801256,0.060243938,0.057512388,0.082192376,0.088081472,0.076931156,0.229339376,0.20792231,0.248473033,0.075059183,0.066821761,0.082418352,0.025355397,0.025050575,0.025627719,0.408529997,0.398521513,0.417471409,0.566114604,0.576427937,0.556900859,1.027270794,0.566431522,0.05724027,0.080010429,0.223251134,0.0730666,1.023143172,0.586500168,0.058881238,0.086089097,0.203219175,0.065310277,1.030958295,0.548638403,0.055785369,0.074621014,0.241011724,0.079943441,0.293624043,0.303234637,0.285164833,0.664984763,0.661692739,0.667882383,0.041391201,0.035072595,0.046952788,0.410642475,0.433060855,0.390642107,0.029083142,0.029293604,0.02889538,0.155844495,0.169753343,0.143435821,0.341957152,0.309517443,0.370898038,0.118711464,0.1027916,0.132914245,0.03497545,0.030559434,0.038915168,0.628980756,0.629033387,0.628933787,0.336043835,0.340407193,0.332151055,1.05623877,0.388778061,0.027534628,0.147546649,0.32374987,0.112390749,1.044416904,0.414643675,0.028047808,0.162534088,0.296354294,0.098420084,1.066785574,0.366186142,0.027086399,0.134456098,0.347678155,0.124593213
Tamil Nadu,33,0.143479958,0.106978297,0.181297362,0.54214561,0.525625527,0.559261203,0.223209038,0.250781417,0.194642797,0.091165379,0.116614774,0.064798623,0.421859235,0.441052467,0.402069896,0.577353895,0.558164179,0.597139597,0.00078689,0.000783363,0.000790527,0.302324265,0.357652515,0.243539393,0.697675765,0.642347515,0.756460607,0,0,0,0.425855428,0.44388324,0.407286376,0.573331356,0.555306792,0.59189707,0.000813197,0.000809951,0.000816539,0.652140856,0.647048414,0.657391012,0.253213793,0.266028643,0.240001991,0.094645359,0.086922958,0.102606982,0.56397897,0.534377992,0.593817711,0.035331257,0.031904284,0.038785763,0.053187221,0.059124164,0.047202583,0.28400892,0.303700358,0.264159292,0.09259408,0.103062369,0.082041703,0.013754729,0.016001139,0.011490273,0.296083242,0.314973533,0.277041167,0.690162063,0.669025302,0.711468577,1.029100418,0.548031032,0.034332175,0.051683217,0.27597785,0.089975744,1.032169223,0.517723262,0.030909935,0.057281464,0.294235051,0.099850267,1.026007056,0.57876569,0.037802629,0.046006098,0.257463425,0.079962127,0.37517029,0.355041653,0.396937251,0.51806277,0.543012559,0.491082251,0.106766954,0.101945825,0.111980483,0.357143909,0.333585769,0.382354349,0.014566917,0.0156662,0.013390535,0.098861746,0.105413996,0.091849953,0.414172441,0.42691502,0.40053612,0.188649684,0.197845474,0.178808972,0.022204509,0.022949843,0.0214069,0.508782744,0.52045393,0.496293038,0.469012737,0.456596226,0.482300073,1.073394656,0.332723767,0.013570886,0.092101954,0.385852903,0.175750539,1.079426408,0.309039831,0.014513449,0.09765742,0.395501733,0.183287606,1.06693995,0.358365387,0.012550412,0.086087272,0.375406444,0.167590469
Puducherry,34,0.112100653,0.103972033,0.13094677,0.519337118,0.515342295,0.528599083,0.26252988,0.267445683,0.251132667,0.106032357,0.113240018,0.089321464,0.438107967,0.451110095,0.408064276,0.561120152,0.548713088,0.589788735,0.0007719,0.000176805,0.002146972,0.294035584,0.377350628,0.113269299,0.705964386,0.622649372,0.886730731,0,0,0,0.443386674,0.453758687,0.419364244,0.555813134,0.546058178,0.578406513,0.000800182,0.000183154,0.002229269,0.58935374,0.593717158,0.579271138,0.295967191,0.29046917,0.308671296,0.114679098,0.115813628,0.112057552,0.563336015,0.551717281,0.589922309,0.023540437,0.019151278,0.03358385,0.051500011,0.050341669,0.05415057,0.307016343,0.325184196,0.265444189,0.102258295,0.11061646,0.083132908,0.008735174,0.010046718,0.005734062,0.294959247,0.299601108,0.28433758,0.696305573,0.690352142,0.709928334,1.047651052,0.537713408,0.022469731,0.049157601,0.293052107,0.09760721,1.057010889,0.521959901,0.018118335,0.047626443,0.307645082,0.104650259,1.026233792,0.574842036,0.032725342,0.052766308,0.258658588,0.081007764,0.3824462,0.363175184,0.42185095,0.473425269,0.492737651,0.433935881,0.144128546,0.144087151,0.144213185,0.340237617,0.308680892,0.403972805,0.003873743,0.001908212,0.007843529,0.055279229,0.064026587,0.03761217,0.49498108,0.516089797,0.452347696,0.211103588,0.206031024,0.221348643,0.023202414,0.024652427,0.020273821,0.509585857,0.534004211,0.460268021,0.467211723,0.441343337,0.519458175,1.105475307,0.307774961,0.003504143,0.05000494,0.447754085,0.190961838,1.09673655,0.281453997,0.0017399,0.058379184,0.470568627,0.187858269,1.123124838,0.359686464,0.006983666,0.033488858,0.402758151,0.197082847
Andaman & Nicobar Island,35,0.129093245,0.10013479,0.151638895,0.551757097,0.521183968,0.575559855,0.237859324,0.276371866,0.207875311,0.081290327,0.102309361,0.064925924,0.318256766,0.316715539,0.319457114,0.681707919,0.683284461,0.680480063,3.53E-05,0,6.28E-05,0.227574229,0,0.276381195,0.772425771,1,0.723618805,0,0,0,0.319873393,0.318968862,0.320591271,0.680090666,0.681031168,0.679344237,3.60E-05,0,6.45E-05,0.677051127,0.661840737,0.688909411,0.235554695,0.241957486,0.23056297,0.087394185,0.096201777,0.080527626,0.60247916,0.593305886,0.610530853,0.054119229,0.049389657,0.058270559,0.029629217,0.031766832,0.027752951,0.248511523,0.256859034,0.241184607,0.093010925,0.092324808,0.093613148,0.012554753,0.011817415,0.013201942,0.211245239,0.181002364,0.237790555,0.776199996,0.807180226,0.749007523,1.027750015,0.586211801,0.052657969,0.028829206,0.24180153,0.090499558,1.023646235,0.579600513,0.048248757,0.031033019,0.250925601,0.090192102,1.031352162,0.591971278,0.056499187,0.026909286,0.233852819,0.090767391,0.371339351,0.300331771,0.419991523,0.516292036,0.587265611,0.467663109,0.112368621,0.112402588,0.112345345,0.328800797,0.29877314,0.352503985,0.021924583,0.008937586,0.032176234,0.094191305,0.134656414,0.062249038,0.357094735,0.366071761,0.350008488,0.294998974,0.262896389,0.320340067,0.025378015,0.014247637,0.03416409,0.541473091,0.564437926,0.523345113,0.433148921,0.421314418,0.442490816,1.097010374,0.29972443,0.019985758,0.085861817,0.325516284,0.268911749,1.071335316,0.278879195,0.008342473,0.125690266,0.341696709,0.245391324,1.117277861,0.315502524,0.028798776,0.055714913,0.31326896,0.286714762
Telangana,36,0.208496347,0.139881566,0.274377018,0.453326374,0.392170191,0.512045622,0.182351798,0.227609426,0.138897538,0.155825496,0.240338787,0.074679807,0.398175776,0.414586067,0.383916438,0.599862397,0.582734168,0.614745557,0.001961829,0.002679758,0.001338001,0.181455299,0.19950527,0.162240058,0.818544686,0.80049473,0.837759912,0,0,0,0.405776024,0.422983468,0.390930533,0.592193365,0.574232161,0.607689142,0.002030629,0.002784384,0.001380337,0.642176151,0.639202893,0.644760191,0.242120862,0.248788536,0.23632583,0.115703009,0.112008549,0.118913949,0.580109775,0.547726929,0.608270466,0.062132791,0.06795232,0.057072036,0.018457225,0.021667548,0.015665481,0.2601282,0.278005838,0.244581565,0.104767904,0.111398049,0.099002235,0.012469081,0.016355338,0.009089534,0.189966649,0.199696496,0.181505442,0.797564268,0.783948183,0.809405029,1.025595903,0.565631926,0.060582135,0.017996585,0.253636152,0.102153197,1.026750684,0.533456624,0.066181906,0.021103026,0.270762742,0.108495712,1.024591804,0.593671024,0.055702217,0.015289485,0.238711223,0.096626028,0.47909835,0.468727678,0.487857312,0.364313185,0.387529194,0.344705194,0.15658845,0.143743113,0.167437494,0.423919618,0.417689621,0.429183066,0.033256788,0.035939842,0.030989988,0.071650356,0.064581499,0.077622533,0.351456553,0.353099585,0.35006845,0.191242218,0.217253283,0.169266567,0.026355295,0.025252644,0.027286876,0.445005596,0.448010355,0.442467004,0.528639078,0.526736975,0.530246139,1.071525574,0.395622492,0.031036859,0.066867612,0.327996433,0.178476572,1.0885638,0.383707076,0.033015836,0.059327252,0.324371964,0.199577898,1.057130575,0.405988693,0.029315194,0.073427573,0.331149668,0.160118878
Andhra Pradesh,37,0.163628936,0.104691267,0.190886885,0.465095937,0.391909212,0.498943925,0.21385248,0.26284337,0.191194788,0.157422647,0.240556151,0.11897441,0.36810267,0.397771269,0.355081558,0.631454527,0.601915359,0.644418836,0.000442819,0.000313348,0.000499641,0.18705979,0.11862997,0.208535984,0.81294024,0.881370008,0.791464031,0,0,0,0.374466598,0.405397564,0.360742033,0.625075042,0.594280541,0.63873899,0.000458384,0.000321909,0.000518941,0.610066652,0.603908002,0.612770975,0.267621785,0.28356126,0.260622621,0.122311562,0.112530753,0.126606405,0.569045305,0.546562791,0.578935087,0.052094232,0.049441677,0.05326106,0.024542782,0.024884246,0.024392577,0.277874261,0.287570745,0.273608893,0.107113078,0.119344257,0.101732731,0.012327366,0.010620827,0.013078053,0.210126027,0.199197754,0.214933261,0.777546585,0.790181398,0.77198869,1.030669689,0.552112222,0.050544061,0.023812462,0.269605547,0.103925712,1.027803659,0.531777442,0.048104204,0.02421109,0.279791504,0.116115816,1.031930327,0.561021507,0.05161304,0.023637814,0.265142798,0.098584883,0.416860968,0.394035339,0.42844224,0.425354481,0.420715332,0.427708268,0.157784566,0.185249344,0.143849477,0.346992314,0.328844368,0.356227666,0.030795792,0.016244868,0.038200639,0.090754017,0.086786419,0.092773095,0.410885096,0.44612366,0.392952442,0.182735085,0.191314891,0.178368911,0.023086984,0.017424334,0.02596866,0.473376125,0.435433865,0.492684633,0.50353688,0.54714179,0.481346697,1.06216228,0.326684833,0.028993491,0.085442707,0.386838347,0.172040641,1.069314241,0.307528287,0.015191856,0.081160821,0.417205393,0.178913623,1.058522701,0.336532861,0.036088634,0.087643936,0.371227235,0.168507397