ST_NM,ST_CEN_CD,p_cancer_all_fe,p_cancer_ur_fe,p_cancer_ru_fe,t_cancer_all_fe,t_cancer_ur_fe,t_cancer_ru_fe,dk_cancer_all_fe,dk_cancer_ur_fe,dk_cancer_ru_fe,p_asthma_all_fe,p_asthma_ur_fe,p_asthma_ru_fe,t_asthma_all_fe,t_asthma_ur_fe,t_asthma_ru_fe,dk_asthma_all_fe,dk_asthma_ur_fe,dk_asthma_ru_fe,p_diabetes_all_fe,p_diabetes_ur_fe,p_diabetes_ru_fe,t_diabetes_all_fe,t_diabetes_ur_fe,t_diabetes_ru_fe,dk_diabetes_all_fe,dk_diabetes_ur_fe,dk_diabetes_ru_fe,p_thyroid_all_fe,p_thyroid_ur_fe,p_thyroid_ru_fe,t_thyroid_all_fe,t_thyroid_ur_fe,t_thyroid_ru_fe,dk_thyroid,dk_thyroid_ur,dk_thyroid_ru,p_heart_all_fe,p_heart_ur_fe,p_heart_ru_fe,t_heart_all_fe,t_heart_ur_fe,t_heart_ru_fe,dk_heart_all_fe,dk_heart_ur_fe,dk_heart_ru_fe,state,p_cancer_all_ma,p_cancer_ur_ma,p_cancer_ru_ma,t_cancer_all_ma,t_cancer_ur_ma,t_cancer_ru_ma,dk_cancer_all_ma,dk_cancer_ur_ma,dk_cancer_ru_ma,p_asthma_all_ma,p_asthma_ur_ma,p_asthma_ru_ma,t_asthma_all_ma,t_asthma_ur_ma,t_asthma_ru_ma,dk_asthma_all_ma,dk_asthma_ur_ma,dk_asthma_ru_ma,p_diabetes_all_ma,p_diabetes_ur_ma,p_diabetes_ru_ma,t_diabetes_all_ma,t_diabetes_ur_ma,t_diabetes_ru_ma,dk_diabetes_all_ma,dk_diabetes_ur_ma,dk_diabetes_ru_ma,p_thyroid_all_ma,p_thyroid_ur_ma,p_thyroid_ru_ma,t_thyroid_all_ma,t_thyroid_ur_ma,t_thyroid_ru_ma,dk_thyroid,dk_thyroid_ur,dk_thyroid_ru,p_heart_all_ma,p_heart_ur_ma,p_heart_ru_ma,t_heart_all_ma,t_heart_ur_ma,t_heart_ru_ma,dk_heart_all_ma,dk_heart_ur_ma,dk_heart_ru_ma
Jammu & Kashmir,1,0.001181914,0.001516779,0.00103917,0.480966896,0.626395047,0.390483201,0.000319051,0.000403515,0.000283043,0.008914439,0.007450414,0.009539247,0.57652235,0.736146927,0.523315847,0.00144022,0.00069886,0.001756279,0.019405091,0.027317274,0.016020522,0.798459172,0.820119262,0.782660246,0.007747289,0.005393395,0.008750807,0.070666946,0.116628304,0.0510878,0.922697365,0.95646292,0.889860511,0.007816128,0.008356687,0.007585676,0.045308601,0.047359444,0.044433326,0.330272257,0.241127029,0.399738193,0.00116823,0.000403515,0.001494245,1,0.000800413,0,0.001198901,0.478504568,NA,0.478504568,0.000498045,0.000134075,0.000679149,0.014067197,0.012228944,0.014983044,0.733724236,0.723052263,0.738063812,0.000851185,0,0.001274718,0.033754833,0.041226253,0.030032096,0.774804294,0.809283495,0.751220942,0.004091602,0.00317952,0.004545437,0.018964248,0.026132395,0.015393939,0.858215213,0.876596808,0.842673063,0.000803,0.000134075,0.001135844,0.026197443,0.027458288,0.025569333,0.575900078,0.558437705,0.588255405,0.000918439,0.000134075,0.001308724
Himachal Pradesh,2,0.000951371,0.001834744,0.000856339,0.894114971,0.434725046,1,0.013070321,0.004256773,0.014009179,0.010464596,0.008719618,0.010652284,0.643930972,0.54394573,0.65273416,0.015335823,0.006699668,0.016255785,0.017067716,0.020600863,0.016701501,0.790519714,0.790705383,0.790495992,0.042021483,0.065434143,0.039527465,0.027601887,0.060118858,0.024255341,0.913552344,0.976128936,0.897589803,0.023818655,0.053792685,0.02062569,0.009548526,0.006244308,0.00990161,0.219193548,0.076695748,0.249807715,0.015485337,0.012692802,0.015782811,2,0.002877303,0.005092257,0.002439599,1,1,1,0.003967984,0,0.004748388,0.007680259,0.001902989,0.008825153,0.56194675,1,0.543227732,0.006312106,0,0.00755354,0.014121191,0.024033701,0.012161649,0.684030294,0.73925513,0.662456155,0.014172208,0.009951333,0.01500235,0.003755358,0.005092257,0.003490724,0.599202037,0,0.772229493,0.005364992,0,0.006420153,0.008018267,0.008640588,0.00789541,0.726413071,0.628659368,0.751665294,0.00541772,0.002277229,0.006035377
Punjab,3,0.001173944,0.001120578,0.001208946,0.714528739,0.828242958,0.645394027,4.68698E-05,0,7.761E-05,0.012709814,0.012360314,0.012939063,0.869851828,0.877272844,0.865201831,0.000166407,0.00010321,0.000207855,0.017034011,0.018454397,0.01610169,0.913107514,0.897603214,0.924771369,0.002409175,0.001928542,0.002724403,0.026802788,0.034330841,0.021869557,0.922898293,0.950317085,0.894692302,0.00067922,0.001184857,0.000347593,0.01499593,0.013309749,0.016101835,0.321510851,0.252801299,0.381915897,7.66168E-05,7.51024E-05,7.761E-05,3,0,0,0,NA,NA,NA,0,0,0,0.007086698,0.010672053,0.004683349,0.923085511,1,0.805599988,0,0,0,0.016151452,0.016433313,0.015962258,0.837212384,0.98895365,0.732353866,0.000805033,0,0.001344666,0.001784382,0.001438742,0.002016072,0.862487495,0.873828888,0.857062161,0,0,0,0.006468838,0.006603475,0.006378587,0.679448605,0.762592316,0.614938796,0,0,0
Chandigarh,4,0.00126281,0.001311503,0,1,1,NA,0,0,0,0.013544642,0.01406756,0,0.596428752,0.596428752,NA,0.001180416,0.001225932,0,0.022806617,0.023689523,0,0.855521619,0.855521619,NA,0.003807499,0.003954315,0,0.062052757,0.064462699,0,0.890571773,0.890571773,NA,0.006874896,0.007139989,0,0.005685429,0.004614624,0.033333335,0.084136687,0.066975832,1,0.004235602,0.004398925,0,4,0,0,0,NA,NA,NA,0,0,0,0,0,0,NA,NA,NA,0,0,0,0.015075852,0.016414545,0,1,1,NA,0,0,0,0.007792135,0.008484054,0,1,1,NA,0,0,0,0.017258734,0.018791262,0,1,1,NA,0,0,0
Uttarakhand,5,0.000944572,0.000788251,0.001034077,0.785792232,1,0.692299008,0.001263594,0.001880275,0.000910154,0.009842348,0.010220493,0.009625733,0.787265003,0.87493521,0.733941257,0.000993618,0.001321815,0.000805517,0.013913305,0.019298416,0.010824076,0.756058335,0.744333446,0.768050373,0.006355206,0.005773586,0.006688551,0.016033458,0.026141476,0.010245357,0.884623826,0.924736559,0.826016009,0.001479236,0.002042389,0.001156475,0.008985317,0.009429075,0.008730962,0.289202362,0.235365987,0.356584191,0.001070501,0.001011415,0.001104365,5,0,0,0,NA,NA,NA,0.002534021,0.005477837,0.000525337,0.009287083,0.007708027,0.010364536,0.559316039,0.720307469,0.477620721,0,0,0,0.009066553,0.015079813,0.004980139,0.880059421,0.932859659,0.771411121,0.002854984,0.005267606,0.001208756,0.001059928,0.001817298,0.00054267,1,1,1,0.000544981,0,0.000916843,0.015271913,0.015621016,0.015033707,0.906524658,0.870571971,0.942839742,0,0,0
Haryana,6,0.001772292,0.001566833,0.001907891,0.962485015,1,0.942151904,0.000187869,0,0.00031182,0.013547905,0.009524027,0.016202448,0.739601016,0.681762516,0.762029648,0.000392524,0.000461813,0.000346809,0.011266626,0.011688785,0.010988018,0.650756359,0.756672084,0.576398015,0.000422344,0.000250249,0.000535887,0.021647988,0.02373983,0.020267386,0.74882412,0.79401356,0.71388948,0.000379572,0.000179866,0.000511332,0.01072437,0.012376674,0.00963427,0.295176595,0.299922109,0.291374475,0.000125039,0.00015118,0.000107792,6,0.000975581,0.001254111,0.000769773,0.453756452,0,1,0.004908968,0.001874006,0.007139694,0.003831652,0.001701215,0.005396741,0.56601721,1,0.46551615,0.002276014,0.002570225,0.002059765,0.006507227,0.008226648,0.005245025,0.643029988,0.576545358,0.719579697,0.002940095,0.003662557,0.002409078,0.004824525,0.003263648,0.005972897,0.811256468,1,0.73538053,0.001999332,0.00144186,0.002409078,0.006465859,0.005248219,0.007361509,0.493424177,0.550215602,0.466336131,0.002306643,0.001874006,0.002624636
Delhi,7,0.000317511,0.000320059,0,0.257115811,0.257115811,NA,0.003985573,0.004017428,0,0.013779887,0.013733811,0.01964796,0.731797993,0.740018547,0,0.001822856,0.001683409,0.019269357,0.022802927,0.022826899,0.019715507,0.854260862,0.853283525,1,0.010469451,0.010245098,0.038538713,0.045460925,0.045352358,0.059472751,0.938627124,0.93800354,1,0.00841903,0.008178289,0.038538713,0.013580396,0.013674489,0.00184025,0.167177349,0.168379694,0.031179581,0.002701571,0.002723164,0,7,0,0,0,NA,NA,NA,0.002643692,0.002672405,0,0.001976378,0.001997901,0,0.2996701,0.2996701,NA,0.002643692,0.002672405,0,0.017168373,0.017356209,0,0.775720119,0.775720119,NA,0.007217,0.007295384,0,0.00080394,0.000812699,0,1,1,NA,0.003104845,0.003138567,0,0.003968866,0.004012087,0,0.831623018,0.831623018,NA,0.002643692,0.002672405,0
Rajasthan,8,0.000569371,0.000350574,0.000645192,1,1,1,0.000141821,0.000124443,0.000147843,0.009424474,0.008468937,0.009755544,0.756046832,0.783448577,0.74780488,0.000269996,0.000375629,0.000233392,0.006493315,0.011709927,0.004685738,0.846796393,0.899039507,0.801557362,0.000679016,0.000724193,0.000663362,0.011372461,0.024488168,0.006829564,0.903203905,0.944335461,0.852120578,0.000528421,0.000859312,0.000413758,0.006135692,0.007153236,0.005783151,0.285984188,0.19858335,0.370168358,0.000245417,0.000377884,0.000199513,8,0.000464201,0,0.000650641,0,NA,0,0.00026218,0,0.000367442,0.008425354,0.007921784,0.008627378,0.69765228,0.821979165,0.651853681,0.00141684,0.001956403,0.001200212,0.010529442,0.017919281,0.007564759,0.779593706,0.876930654,0.687092721,0.00141684,0.001956403,0.001200212,0.002485168,0.002794445,0.002360835,0.734998703,0.719965637,0.742152214,0.000936315,0,0.001312234,0.004902977,0.006854252,0.004118879,0.655933201,0.710281432,0.623673558,0.000623218,0,0.000873432
Uttar Pradesh,9,0.000724388,0.000985998,0.000630729,0.869562984,0.964370728,0.816502392,0.00021215,0.000411713,0.000140685,0.011797235,0.01044509,0.012281314,0.678621411,0.724931657,0.6645208,0.000303512,0.000507057,0.000230621,0.009979604,0.017652512,0.007236293,0.754536271,0.847819865,0.673176289,0.002017352,0.003197153,0.001594857,0.012568107,0.026491253,0.007587649,0.860691071,0.906562269,0.803402603,0.000661489,0.001476048,0.000369789,0.014330727,0.016766069,0.013458881,0.463984728,0.322604358,0.578218341,0.000221331,0.000446714,0.000140619,9,0.000843253,0.000169143,0.00114123,0.833757639,1,0.82286644,0.000619532,0,0.000893139,0.011427826,0.008611602,0.012672602,0.692579389,0.647114336,0.70623523,0.00079061,0.000216395,0.001044203,0.012976874,0.017369473,0.011037914,0.774270773,0.837636828,0.730255425,0.002496514,0.002842428,0.002343746,0.003234871,0.004022058,0.002886941,0.79229337,0.788150251,0.794844627,0.001097391,0.000539145,0.001343933,0.007362799,0.007265456,0.007405838,0.669834495,0.618911088,0.697640836,0.000946793,0.000167012,0.001291172
Bihar,10,0.006106882,0.000389537,0.006992876,0.496811032,1,0.492467314,0.002186408,0.003876336,0.001924014,0.018010939,0.008129096,0.019545197,0.823323727,0.755596817,0.827697158,0.001086046,0.001138192,0.00107795,0.0155918,0.016209912,0.015495908,0.741836905,0.831386864,0.72730422,0.003100775,0.003833544,0.002986998,0.012422551,0.029396294,0.00979216,0.783744752,0.823555768,0.76522398,0.002033848,0.003711258,0.001773397,0.022754554,0.015672084,0.023854407,0.590275228,0.298900098,0.660688102,0.002862795,0.002738143,0.00288215,10,0.001517765,0,0.001861785,0.625013828,NA,0.625013828,0.002344939,0.002730157,0.002257583,0.013672667,0.001447348,0.016449131,0.867585063,0.333333343,0.87826103,0.001214106,0,0.001489429,0.015263624,0.019793067,0.014232554,0.741820991,0.764780879,0.734552562,0.003108686,0,0.00381364,0.00502196,0.003641223,0.00533512,0.880758345,0.828578472,0.888835609,0.001558259,0.001424517,0.001588588,0.01568532,0.009248476,0.017146032,0.777623951,0.66476053,0.797910869,0.001880914,0.00130564,0.002011369
Sikkim,11,0.000298527,0,0.000443601,1,NA,1,0.000622037,0,0.000924045,0.010257396,0.011707736,0.009552971,0.635299504,0.674813867,0.611778557,0.00025225,0,0.000374721,0.015806872,0.017422354,0.015022262,0.875021219,0.927379787,0.845528781,0.000232839,0,0.000345886,0.010400645,0.0223525,0.004595677,0.938140094,1,0.792006493,0.00025225,0,0.000374721,0.006403421,0.005375355,0.006902748,0.360776842,0.198431805,0.566957891,0.00025225,0,0.000374721,11,0,0,0,NA,NA,NA,0,0,0,0.009913422,0.004814055,0.013778755,0.265435845,0,0.335731953,0,0,0,0.015536686,0.014687527,0.016180351,0.925789952,1,0.874728382,0,0,0,0.002439033,0.003770374,0.001429874,1,1,1,0,0,0,0.003605941,0,0.006339252,0.12018802,0,0.290602982,0,0,0
Arunachal Pradesh,12,0.001247101,0.001438185,0.001177589,0.809807301,1,0.725308239,0.019497782,0.01251521,0.022013459,0.012146281,0.011318395,0.012448435,0.623179734,0.652474344,0.613458633,0.01604628,0.006660733,0.019427698,0.012488463,0.015400664,0.011415941,0.68886888,0.774231315,0.646457791,0.050695416,0.035277504,0.056250174,0.009466411,0.010673047,0.009027262,0.808946371,0.848462403,0.791942775,0.014689722,0.007340675,0.017337432,0.014279963,0.015134915,0.013971291,0.542272329,0.512951672,0.553287566,0.017846756,0.016321009,0.01839645,12,0.002514204,0.005991457,0.001225099,0.516811848,0.250308007,1,0.038023178,0.023733642,0.043214954,0.00276632,0.008681653,0.000579143,0.491201878,0.412193596,0.9291206,0.022776319,0.010170283,0.027356433,0.012031085,0.024823766,0.007412578,0.67392993,0.891635895,0.410716087,0.04199791,0.046453495,0.040379073,0.003596903,0.006409077,0.002541705,0.706482947,1,0.428770542,0.031130269,0.008059626,0.039512459,0.008970314,0.009034492,0.008946944,0.659414411,0.641937852,0.671105027,0.030568788,0.028968692,0.031150147
Nagaland,13,0.001092947,0.001978471,0.000521075,0.847445965,0.785230637,1,0.045369279,0.04229831,0.047342066,0.013340899,0.014828308,0.012376381,0.520659328,0.621188879,0.442555696,0.050054394,0.044621408,0.053544533,0.009830557,0.013968369,0.007219822,0.661265731,0.646671951,0.679080367,0.165541708,0.174663097,0.15968214,0.010554551,0.014924495,0.007734776,0.690984488,0.765047789,0.598771095,0.046061568,0.043473292,0.047724269,0.02649756,0.028108887,0.025455678,0.569115996,0.550389171,0.590459824,0.048039183,0.044259213,0.050467432,13,0,0,0,NA,NA,NA,0.019413184,0.010980629,0.024661409,0.02252505,0.027227184,0.019582627,0.5827142,0.608499825,0.560279548,0.019880788,0.016600363,0.021922449,0.014650207,0.02433503,0.008498062,0.755042851,0.808330059,0.658110261,0.092418283,0.080950931,0.099555291,0.000293342,0,0.00047745,0,NA,0,0.017663987,0.01257565,0.020830849,0.008770702,0.011560638,0.007007965,0.948503673,1,0.916930377,0.019903237,0.010789854,0.025575195
Manipur,14,0.001406572,0.002008696,0.000991548,0.838266909,0.722439468,1,0.027382288,0.021006955,0.031728465,0.016394269,0.016977791,0.015993631,0.650328755,0.757208407,0.572431087,0.022816539,0.01867866,0.025637403,0.01013831,0.013287553,0.007946617,0.865670621,0.861929297,0.870024443,0.070625767,0.059190724,0.078421235,0.045073915,0.047027938,0.043737892,0.717083514,0.782983184,0.66863662,0.017468935,0.015746661,0.01864304,0.031736307,0.034140382,0.030089838,0.314591348,0.360122263,0.279232174,0.0314111,0.028756607,0.033220712,14,0.000526804,0,0.000864538,0,NA,0,0.086925566,0.077398583,0.092930496,0.005189852,0.005006772,0.005311013,0.714677095,0.754799128,0.689645648,0.047792584,0.019169262,0.065834075,0.017758641,0.025701299,0.012646835,0.751975775,0.853103161,0.619709074,0.1087524,0.09732607,0.115954503,0.006356188,0.00789672,0.005345002,0.661381304,0.851462662,0.477050185,0.034045953,0.009916334,0.049255028,0.015050492,0.017623229,0.01337035,0.660219431,0.630239785,0.689970851,0.071080811,0.050799537,0.083864249
Mizoram,15,0.002704751,0.003497162,0.001478217,0.752215445,0.690452754,0.978384316,0.016841663,0.007898839,0.030370286,0.017774774,0.020844175,0.013086533,0.698755741,0.812287033,0.422550589,0.010930057,0.007147741,0.01665191,0.012388896,0.016807141,0.005572382,0.916659474,0.94893527,0.766468883,0.045311499,0.037861247,0.056582168,0.017850725,0.022048095,0.011480282,0.870681763,0.863653243,0.891168475,0.012108369,0.010829343,0.014043267,0.037031166,0.042041641,0.029373517,0.553166091,0.536913514,0.590934336,0.020088844,0.016108124,0.026110843,15,0.001611139,0.002595788,0,1,1,NA,0.014671811,0.016774608,0.011211627,0.014491447,0.019689506,0.006033663,0.655831218,0.628297031,0.802028954,0.011855999,0.016064338,0.004931113,0.010583815,0.016765613,0.000690376,0.536474288,0.54260391,0.298242033,0.040782277,0.050892375,0.024145951,0.007272332,0.007654297,0.006645496,0.798234522,1,0.416858047,0.003648045,0.004665323,0.001974099,0.028515534,0.040520463,0.008962075,0.885727525,0.969247997,0.468059033,0.020934645,0.024721136,0.014703915
Tripura,16,0.000996259,0.001474112,0.000790546,1,1,1,0.001243508,0,0.00177788,0.034552276,0.023462761,0.039322276,0.771031022,0.739766359,0.779055238,0.000661351,0,0.000945553,0.014423087,0.01790393,0.012919983,0.852605164,0.917921484,0.813519895,0.01041554,0.007050164,0.011861742,0.018153727,0.034085859,0.011297973,0.91725117,0.85351187,1,0.003220174,0.00227906,0.003624598,0.036462761,0.033841256,0.037590928,0.579038501,0.383817255,0.702394545,0.001011046,0,0.001445522,16,0,0,0,NA,NA,NA,0.00147529,0,0.002128633,0.003898911,0,0.005625571,1,NA,1,0,0,0,0.015662096,0.030357923,0.009140066,1,1,1,0.00147529,0,0.002128633,0.001212569,0.002084053,0.000826627,0.527523935,1,0,0,0,0,0.026790177,0.021382434,0.029185034,0.926630497,0.911190271,0.938557386,0,0,0
Meghalaya,17,0.003984355,0.000446371,0.005057752,0.74545598,1,0.738640368,0.005419894,0.003968821,0.005859303,0.03027449,0.021759951,0.03286574,0.660466552,0.856183648,0.621030629,0.008403906,0.004596509,0.009556848,0.011382549,0.00902036,0.012105462,0.689083099,0.846529186,0.653178811,0.013866357,0.005839983,0.016296873,0.023347931,0.017372783,0.025164429,0.845393598,1,0.812944949,0.006760207,0.003760435,0.007668586,0.038366206,0.013908914,0.04579106,0.643657625,0.453292161,0.677304924,0.006319897,0.004386225,0.006905445,17,0.001125287,0,0.001434298,0,NA,0,0.004184855,0.005692431,0.003770064,0.007783132,0.011769039,0.006681498,0.794713438,1,0.694773793,0.005326125,0.001799735,0.006296366,0.058700148,0.005285341,0.07346867,0.92296195,1,0.921429634,0.011454678,0.007654177,0.012500337,0.021050029,0.013545386,0.023119006,0.923428774,1,0.911060393,0.003378253,0.001799735,0.003812562,0.023032483,0,0.029380033,0.45630312,0,0.495484829,0.003089268,0.001799735,0.003444067
Assam,18,0.000951745,0.001373593,0.000877288,0.654982567,0.728344917,0.634708524,0.004107185,0.003191867,0.004268566,0.009514289,0.010678204,0.009308632,0.658054173,0.768643558,0.635638773,0.004921794,0.00309286,0.005244257,0.010514297,0.025714584,0.007841531,0.748882174,0.819349825,0.708249331,0.016168999,0.018426107,0.015771043,0.017028559,0.037286162,0.013457458,0.674569845,0.833176672,0.597102165,0.006545465,0.006678223,0.006522059,0.012756752,0.013996298,0.012537581,0.323433548,0.205940947,0.369626552,0.005421093,0.003006182,0.005846871,18,0.00074162,0,0.00089547,1,NA,1,0.003794565,0.005269591,0.00348802,0.006184953,0.009782991,0.005440049,0.435173213,0.644695699,0.357166171,0.003987156,0.007135994,0.003332753,0.014225961,0.026364682,0.011736215,0.621420443,0.679411709,0.594700336,0.010844442,0.02157077,0.008615259,0.002982694,0.003410878,0.00289401,0.619512856,0.764766216,0.584055722,0.002970416,0.005786414,0.002385185,0.008791558,0.013544855,0.007803238,0.605871975,0.765667439,0.527163744,0.005662828,0.005269591,0.005744552
West Bengal,19,0.001412962,0.002666919,0.000812439,0.935482979,1,0.83405906,0.00809513,0.003278272,0.010385485,0.03310439,0.031742528,0.033756562,0.707259297,0.704687595,0.708417356,0.007221455,0.002429864,0.009499796,0.017822225,0.02818081,0.01283539,0.877364278,0.923713565,0.82837373,0.031106021,0.022944825,0.034986567,0.032871149,0.050797574,0.024248488,0.914930105,0.94978261,0.879811287,0.017543785,0.009848641,0.021202726,0.019719182,0.017504947,0.020779364,0.316635489,0.196518824,0.407454759,0.008755174,0.004080671,0.010977841,19,0.001725021,0.005012477,0,1,1,NA,0.011565156,0,0.017527353,0.020559406,0.026659574,0.017412949,0.686258018,0.848729253,0.557954848,0.000342042,0,0.000518376,0.016792525,0.022684837,0.013737586,0.776533604,0.825858355,0.734305024,0.004672157,0.000946045,0.006593083,0.004539587,0.007453,0.003034408,0.759272635,1,0.453802586,0.001413264,0,0.002141845,0.019387949,0.018466905,0.019863581,0.747298479,0.669163704,0.813670993,0.001118576,0,0.001695237
Jharkhand,20,0.000443466,0.000109656,0.000570043,0.651594818,0.593175292,0.655856133,0.001402731,0.001208161,0.001476491,0.006570545,0.007403537,0.006254126,0.6788854,0.821042478,0.614961565,0.002842039,0.001377856,0.003397097,0.006616212,0.012966178,0.004209033,0.87450254,0.950245142,0.786050737,0.004315445,0.004325335,0.004311696,0.010959881,0.026238,0.005164306,0.870088696,0.912240386,0.788850546,0.002407519,0.001934934,0.002586672,0.006716423,0.007209297,0.006529595,0.324620754,0.186255455,0.502687991,0.002252779,0.002316225,0.002228728,20,0.012950459,0.001666904,0.017885774,0.900838971,1,0.896796823,0.001199079,0,0.001722641,0.014520363,0.007809499,0.01745596,0.807785809,0.671067774,0.834541917,0.001277879,0,0.001835848,0.023032218,0.017611859,0.025404435,0.756680548,0.66016382,0.785964191,0.001610875,0,0.002314242,0.007111981,0.005269398,0.007918705,0.936476827,0.806050897,0.974475563,0.001885299,0,0.002708489,0.017064163,0.006813164,0.021547504,0.821578264,0.526463926,0.887825727,0.00114561,0,0.001645826
Odisha,21,0.000607571,0.000971554,0.00052936,0.92032963,1,0.888910353,0.025021248,0.018482331,0.026414935,0.025760164,0.032535709,0.024305517,0.714980364,0.835568249,0.680324793,0.028909812,0.023082353,0.030151859,0.016292492,0.028000109,0.013753218,0.766225934,0.902737617,0.705946863,0.063750528,0.050200563,0.066638529,0.012850305,0.028233526,0.009544043,0.819438756,0.844557285,0.803468287,0.030968087,0.024272071,0.032395255,0.011591602,0.012548434,0.011385608,0.377803475,0.247990072,0.440566957,0.02923586,0.021173546,0.03095424,21,0.001844972,0,0.002357016,0.682668269,NA,0.682668269,0.019381048,0.011829805,0.021456363,0.023722701,0.019271472,0.024969298,0.705588162,0.728648961,0.700603545,0.026893158,0.012436418,0.030866316,0.0337901,0.051391922,0.028833248,0.742923319,0.622290075,0.803473651,0.032266129,0.013640312,0.03738508,0.003481378,0,0.004447829,0.559859037,NA,0.559859037,0.018377461,0.010618823,0.020509774,0.011080946,0.002051448,0.013580604,0.761206865,1,0.750867724,0.019521236,0.013928404,0.021058319
Chhattisgarh,22,0.000912103,0.000967261,0.000893939,0.886513948,0.933478236,0.869779527,0.000723851,0.000358051,0.000844255,0.008636191,0.014662213,0.00665017,0.776657104,0.815917671,0.748128772,0.00176982,0.00080726,0.002086648,0.005494422,0.012465438,0.003194963,0.859761536,0.935482025,0.762310922,0.00341354,0.001801741,0.003944066,0.012624618,0.028881319,0.007273457,0.843307555,0.915622532,0.748788297,0.000953158,0.000919996,0.000964073,0.005830538,0.008640345,0.004905182,0.2582528,0.21129705,0.31166622,0.001014187,0.000606147,0.001148494,22,0.00024684,0,0.000331661,1,NA,1,0.001153265,0.001701931,0.000964589,0.005072009,0.008935895,0.003744532,0.797637701,0.763237298,0.825841427,0.001414695,0.002110432,0.001175443,0.009596287,0.012057826,0.008750897,0.784092724,0.937149286,0.71166265,0.004801432,0.005754142,0.004473812,0.001219944,0.003609114,0.000398964,0.958869994,1,0.831016779,0.00080572,0.001359619,0.000615244,0.007657054,0.015119253,0.005093425,0.863730848,0.762448013,0.984590292,0.000952431,0.001672685,0.000704749
Madhya Pradesh,23,0.00152098,0.001355664,0.001594457,0.756285727,0.707394838,0.774761498,0.001747266,0.00081228,0.002162271,0.018606814,0.018475208,0.018665325,0.629071116,0.676588058,0.608160913,0.002040216,0.000910868,0.002541491,0.011648347,0.017537966,0.009027205,0.781353235,0.800079167,0.765162349,0.007730343,0.005901331,0.008542172,0.014890231,0.026411038,0.009774331,0.795425773,0.862954378,0.714399576,0.002772721,0.00246822,0.002907877,0.018536022,0.018397722,0.018597463,0.492770076,0.362062812,0.599582255,0.002231213,0.001609899,0.00250699,23,0.002126734,0.001197305,0.002564465,0.415714592,1,0.287237763,0.002476679,0.00149284,0.002939365,0.013326941,0.01134411,0.014259245,0.61322248,0.68151015,0.587678492,0.000809996,0.000951582,0.000743411,0.011004548,0.01885185,0.007322293,0.772927821,0.862585187,0.664613426,0.002730774,0.00424302,0.002019585,0.005436094,0.006076016,0.005134969,0.646174431,0.871015072,0.520982325,0.001238451,0.000833492,0.001428897,0.012006587,0.010283659,0.012817577,0.580993056,0.553273857,0.595302045,0.00092668,0.000321744,0.001211173
Gujarat,24,0.001271345,0.001253289,0.001285802,0.874743044,0.777195096,0.950871348,0.001302543,0.000438698,0.001993118,0.013494271,0.012985266,0.013901579,0.628809094,0.630916774,0.627233684,0.000976038,0.00043101,0.001411744,0.011698345,0.014806884,0.009204065,0.791814804,0.815122962,0.761727691,0.005636587,0.003582698,0.007278507,0.00976829,0.015391113,0.005265996,0.903809965,0.932966352,0.8355757,0.001452759,0.000552392,0.00217253,0.003273813,0.003022653,0.003474903,0.222048566,0.132811785,0.382555068,0.001110982,0.000263214,0.001788705,24,0.000534964,0.000344216,0.000704097,0.599367976,1,0.425702691,0.001476277,0.00082686,0.0020514,0.011436511,0.00831458,0.014206208,0.594750881,0.651500642,0.565283954,0.001564528,0.00062259,0.002398707,0.015656739,0.018157611,0.01343757,0.825646877,0.921365559,0.710875511,0.010493389,0.009451501,0.011416083,0.001924164,0.00017794,0.003473351,0.835281193,1,0.82779485,0.001557706,0.00062259,0.002385842,0.006099653,0.00452617,0.007495552,0.726598322,0.928366482,0.677657723,0.001543303,0.00062259,0.002358685
Daman & Diu,25,0.001258457,0.001797521,0,1,1,NA,0.02935406,0.030345829,0.027030835,0.008395408,0.009032614,0.006918749,0.756162047,0.825937092,0.545062661,0.028605375,0.031743404,0.021254528,0.005128477,0.006272642,0.002463995,0.967958689,1,0.778006077,0.024841493,0.026560871,0.020813849,0.002393153,0.002723988,0.001622005,1,1,1,0.030406332,0.031847309,0.027030835,0.003138718,0.003797408,0.001612432,0.394047886,0.449466377,0,0.028678196,0.031847309,0.021254528,25,0,0,0,NA,NA,NA,0.00386855,0.005123741,0,0.000705067,0.000935011,0,1,1,NA,0.00386855,0.005123741,0,0.000214531,0,0.000872335,1,NA,1,0.00386855,0.005123741,0,0.001083967,0,0.004407683,1,NA,1,0.00386855,0.005123741,0,0,0,0,0,NA,0,0.00386855,0.005123741,0
Dadra & Nagar Haveli,26,0,0,0,NA,NA,NA,0.003109037,0.00690099,0,0.016197834,0.021462426,0.011911163,0.821448505,0.838113725,0.796997845,0.003109037,0.00690099,0,0.008127954,0.018144943,0,1,1,NA,0.004663556,0.010351486,0,0.009704219,0.021622265,0,1,1,NA,0.003109037,0.00690099,0,0.005330512,0.006049958,0.004744707,0.354546547,0.218629271,1,0.003109037,0.00690099,0,26,0,0,0,NA,NA,NA,0.254945636,0.054991879,0.48846665,0.006727187,0.009988013,0,0,0,NA,0.250382274,0.062800318,0.469454616,0.019436097,0.020392193,0.017498156,0.351286501,0.5,0,0.246023685,0.062800318,0.460005701,0,0,0,NA,NA,NA,0.250382274,0.062800318,0.469454616,0,0,0,NA,NA,NA,0.254945636,0.054991879,0.48846665
Maharashtra,27,0.000946148,0.000923004,0.000968955,0.760350347,0.963470042,0.569682956,7.5581E-05,0,0.000150049,0.018622573,0.016149975,0.021059252,0.650028408,0.736678839,0.584543109,9.83901E-05,0,0.000195332,0.014389319,0.020022111,0.008842731,0.804058373,0.808665991,0.793785274,0.001102155,0.00140027,0.000808429,0.017570823,0.025561091,0.009705018,0.881119072,0.903127789,0.824055493,0.000777804,0.001215495,0.000346556,0.006330249,0.006382896,0.006278377,0.242340982,0.193118185,0.344692767,0,0,0,27,0.000894213,0.000497512,0.001301731,0.86393702,1,0.810516715,0.001176592,0.001064457,0.001291759,0.014113245,0.00941649,0.018937813,0.687714517,0.897868633,0.580375493,0.000294279,0.000208512,0.000382364,0.015843693,0.018626599,0.012982785,0.901572883,0.946712375,0.834995329,0.001297222,0.000819834,0.001787515,0.002589686,0.002935001,0.002234613,0.909761548,0.950110435,0.855268419,0.000588348,0,0.001192601,0.00634575,0.006510983,0.006176039,0.723459899,0.702622414,0.746741056,0.001094186,0.001064457,0.001124718
Karnataka,29,0.003303793,0.005582401,0.001544282,0.791792989,0.783299506,0.815501511,0.000984183,0.001048928,0.000934182,0.014924092,0.02219091,0.009313307,0.880505085,0.942312181,0.766797543,0.001369045,0.001489711,0.001275858,0.02640781,0.04580703,0.011397212,0.838965833,0.895856619,0.662040949,0.004200845,0.003112307,0.005041497,0.017924227,0.02619528,0.01153734,0.903038621,0.93552506,0.846081436,0.000777958,0.000835343,0.000733641,0.008216901,0.008681093,0.007858435,0.275541097,0.225362554,0.347198009,0.000732131,0.000762168,0.000708935,29,0.000866386,0.000374251,0.00127562,0.523209631,0,0.650854945,0.000490862,0.000675554,0.000337229,0.009521461,0.00766311,0.01106514,0.681285501,0.777353942,0.626019537,0.001888215,0.002647427,0.001256681,0.027343988,0.040339217,0.016557869,0.866323054,0.92691642,0.743796647,0.001605338,0.002801158,0.00061062,0.002826609,0.001199366,0.004179824,0.73302716,0.780132174,0.721786916,0.001275589,0.001425848,0.0011506,0.009640332,0.011731552,0.007898922,0.68619436,0.897580385,0.523630977,0.000586857,0,0.001075023
Goa,30,0.00040456,0,0.001089251,1,NA,1,0,0,0,0.010076636,0.007420407,0.014572136,0.798861027,0.722907364,0.864319503,0,0,0,0.038109399,0.039566953,0.035637494,0.981829941,0.972180068,1,0.003021269,0.002258355,0.004312455,0.017641736,0.01558869,0.021116393,0.892822981,1,0.758915722,0,0,0,0.002063422,0.000636675,0.004478102,0.053429659,0,0.112663954,0,0,0,30,0.002211621,0.00226576,0.002121127,0.641000211,1,0,0,0,0,0.007709849,0.004716676,0.012713055,0.703419209,1,0.51949209,0,0,0,0.039562766,0.039393593,0.039845537,0.94355154,1,0.850265861,0,0,0,0.00141765,0.00226576,0,1,1,NA,0,0,0,0.002938496,0.00226576,0.004063001,1,1,1,0,0,0
Lakshadweep,31,0.000838393,0.001061117,0,1,1,NA,0.000871639,0.00110294,0,0.030888047,0.027381286,0.044166837,0.863332987,0.919301331,0.731945992,0.001007691,0,0.004805102,0.037929416,0.039141838,0.033379097,0.688983619,0.618314743,1,0.008007661,0.0088575,0.004805102,0.057159953,0.058986016,0.050116729,0.915284276,0.949803352,0.758580029,0.008098592,0.003295816,0.026197514,0.004729446,0.002159183,0.014415305,0.063827872,0.01781028,0.228021353,0,0,0,31,0,0,0,NA,NA,NA,0,0,0,0.016277781,0.007238585,0.044622429,0.337167382,1,0,0.005641404,0.007427103,0,0.015854968,0.020911166,0,1,1,NA,0.005641404,0.007427103,0,0.005418498,0.007146474,0,1,1,NA,0.005641404,0.007427103,0,0.027447112,0.022010529,0.044622429,0.835909128,0.756273568,1,0,0,0
Kerala,32,0.001659894,0.001634351,0.001682445,0.748750687,0.519400001,0.945434928,0.001117276,0.000972367,0.001245167,0.031435072,0.032762516,0.030263215,0.777604401,0.705111742,0.846885383,0.00073528,0.000599135,0.000855437,0.043800533,0.044453088,0.043224085,0.827593327,0.795469284,0.856777608,0.011856313,0.011377431,0.012278956,0.08138679,0.08446417,0.078668348,0.860002518,0.849349082,0.870106697,0.003485736,0.003007284,0.003908001,0.013203086,0.015096997,0.011531185,0.111699969,0.125025645,0.098761529,0.001100378,0.000972367,0.001213356,32,0.000501402,0,0.000950666,1,NA,1,0.010975663,0.009311271,0.012462243,0.010644578,0.009172847,0.011958255,0.875761211,0.875888348,0.875674188,0.005757793,0.006088142,0.005462737,0.058935698,0.05986822,0.058085896,0.777254999,0.779296637,0.775337398,0.02862265,0.018306244,0.037836928,0.005964047,0.000362692,0.010964743,0.710504293,1,0.701955199,0.007788385,0.008024246,0.007577721,0.018167833,0.01823505,0.018107897,0.740864575,0.980448306,0.593915582,0.009724165,0.010597811,0.008943853
Tamil Nadu,33,0.003761233,0.004372487,0.003127651,0.326197475,0.322202593,0.331986398,0.000370139,0.000142146,0.000606351,0.035904977,0.035432253,0.036394771,0.667048395,0.679512858,0.654475331,0.000576243,0.000542222,0.00061149,0.037088353,0.046626914,0.027175706,0.780796826,0.794470727,0.756415725,0.005844678,0.004352098,0.007391059,0.027655076,0.034180153,0.020892143,0.833518386,0.852819383,0.800790191,0.001701924,0.00150959,0.00190119,0.014822505,0.012861562,0.016854804,0.269975424,0.199605495,0.366083205,0.000632023,0.000469988,0.000799899,33,0.01897691,0.018569546,0.019422065,0.046867274,0,0.095834605,0.002267458,0.001589,0.003007807,0.034919135,0.036844566,0.032809831,0.37904346,0.355175197,0.408406466,0.002298683,0.000433786,0.004333701,0.045553833,0.047420241,0.043508049,0.553367794,0.557304323,0.548664927,0.004629442,0.002503234,0.006949607,0.019989025,0.020072795,0.019897396,0.101428621,0.061298147,0.145710781,0.002577479,0.001446769,0.003811335,0.023761235,0.02393825,0.02356757,0.204341367,0.171453387,0.237728894,0.002562436,0.001320362,0.003917815
Puducherry,34,0.00077075,0.000557761,0.001264541,1,1,1,2.69993E-05,3.86444E-05,0,0.022153642,0.022136742,0.022192812,0.637349844,0.590485871,0.745681345,0.000306404,0.00043856,0,0.029317386,0.030353203,0.026923729,0.906329155,0.953178942,0.78427422,0.0022909,0.003279001,0,0.03323175,0.038413502,0.021203872,0.831740975,0.853435636,0.740511596,0.000351881,0,0.001167714,0.008187634,0.008057936,0.008488325,0.184483677,0.169251218,0.24205032,2.69993E-05,3.86444E-05,0,34,0.002561563,0.003810831,0,0,0,NA,0,0,0,0.034137007,0.027598897,0.047520146,0.753547668,0.803231537,0.694481969,0.001149572,0.001710215,0,0.037902012,0.017978016,0.078755178,0.872391284,0.760126293,0.924939334,0,0,0,0.002721664,0.004049013,0,0,0,NA,0,0,0,0.002716233,0.004040934,0,0.053773336,0.053773336,NA,0,0,0
Andaman & Nicobar Island,35,0.000105423,0,0.0001875,1,NA,1,0,0,0,0.045334291,0.046414487,0.044493303,0.761851788,0.722078621,0.794154346,0,0,0,0.045846418,0.063329488,0.032210261,0.900380373,0.94359529,0.834109962,0.001017879,0,0.00181035,0.028259451,0.041861624,0.017668409,0.968946755,1,0.911659718,0.000928652,0.000873008,0.000971973,0.007975564,0.007735082,0.008162793,0.218300894,0.161933333,0.303157538,0.00087818,0.000873008,0.000882206,35,0.014787981,0,0.02502363,0.923217833,NA,0.923217833,0,0,0,0.008625838,0,0.014596297,0.934183061,NA,0.934183061,0,0,0,0.052934229,0.072995126,0.038962018,0.933757842,1,0.847320497,0.003673791,0,0.006216642,0.001135453,0,0.001921368,1,NA,1,0,0,0,0.026102414,0.029112512,0.024012294,1,1,1,0.00188072,0,0.003182478
Telangana,36,0.000763034,0.000562185,0.000956012,1,1,1,0.00035026,0,0.000686563,0.035224423,0.041325003,0.029363248,0.73624742,0.736290991,0.736188531,0.000378927,5.85242E-05,0.000686563,0.022439448,0.031822428,0.013415611,0.890302241,0.951256633,0.75124985,0.002679481,0.001847617,0.003478199,0.045640256,0.062839009,0.029109878,0.906655312,0.931107402,0.855922222,0.000581576,5.85242E-05,0.001083786,0.016785426,0.014938457,0.018559935,0.2316356,0.165255278,0.343221307,0.000642998,0.000316203,0.00095677,36,0.001122812,0.000883142,0.001346446,1,1,1,0.000654507,0,0.001264452,0.018437618,0.008880503,0.027342943,0.727581084,0.802715063,0.704843104,0.001067456,0.001132173,0.001007144,0.028951466,0.032152064,0.025932772,0.836673796,0.815171421,0.861817777,0.007298638,0.001132173,0.013045273,0.006063564,0.00843087,0.003859929,0.927976012,0.892551899,1,0.000546137,0.001132173,0,0.015402064,0.012164188,0.018416079,0.638101578,0.378665298,0.80426836,0.000546137,0.001132173,0
Andhra Pradesh,28,0.00094614,0.000664147,0.001076604,0.932674766,0.696781218,1,0.000240888,0,0.000352296,0.029739382,0.035202846,0.02721102,0.746252716,0.737131476,0.751713514,0.000426773,0,0.000624151,0.024031818,0.036070697,0.018454144,0.929358542,0.949664712,0.910969675,0.004597777,0.003395648,0.005153746,0.038337611,0.057185505,0.029619718,0.891784608,0.922522664,0.864335418,0.001980656,0.001904867,0.002015707,0.014257615,0.010357715,0.016062597,0.209813774,0.106099077,0.285404325,0.000502811,0,0.000735356,37,0.001759219,0.002660749,0.001282421,1,1,1,0.002272718,0.00138022,0.002744094,0.018964931,0.011294981,0.023025816,0.558238268,0.555948734,0.558832884,0.001606509,0,0.002454994,0.04089015,0.04993733,0.036064569,0.876170456,0.941557109,0.827878952,0.009153537,0.002760441,0.012530078,0.006052459,0.004847366,0.006689407,0.509516716,0.21831809,0.621046543,0.000486346,0,0.000743212,0.014614897,0.015039448,0.014390045,0.604489565,0.685954809,0.560859501,0.001815191,0,0.002773893